"geographicAreaM49","areaName","itemCode","itemName","timePointYears","Value_measuredElement_5312","flagObservationStatus_measuredElement_5312","flagMethod_measuredElement_5312","Value_measuredElement_5421","flagObservationStatus_measuredElement_5421","flagMethod_measuredElement_5421","Value_measuredElement_5510","flagObservationStatus_measuredElement_5510","flagMethod_measuredElement_5510"
3,"Albania",430,"Okra",1995,800,"T",NA,7.25,"T",NA,5800,"T",NA
3,"Albania",430,"Okra",1996,600,"T",NA,8,"T",NA,4800,"T",NA
3,"Albania",430,"Okra",1997,750,"T",NA,8,"T",NA,6000,"T",NA
3,"Albania",430,"Okra",1998,750,"T",NA,8,"T",NA,6000,"T",NA
3,"Albania",430,"Okra",1999,740,"T",NA,7.97297297297297,"T",NA,5900,"T",NA
3,"Albania",430,"Okra",2000,780,"T",NA,7.94871794871795,"T",NA,6200,"T",NA
3,"Albania",430,"Okra",2001,790,"T",NA,8.22784810126582,"T",NA,6500,"T",NA
3,"Albania",430,"Okra",2002,780,"T",NA,8.58974358974359,"T",NA,6700,"T",NA
3,"Albania",430,"Okra",2003,700,"",NA,8.57142857142857,"",NA,6000,"",NA
3,"Albania",430,"Okra",2004,600,"",NA,8.83333333333333,"",NA,5300,"",NA
3,"Albania",430,"Okra",2005,700,"",NA,8.28571428571429,"",NA,5800,"",NA
3,"Albania",430,"Okra",2006,700,"T",NA,15,"T",NA,10500,"T",NA
3,"Albania",430,"Okra",2007,800,"T",NA,9.25,"T",NA,7400,"T",NA
3,"Albania",430,"Okra",2008,765,"E",NA,10.4575163398693,"E",NA,8000,"E",NA
3,"Albania",430,"Okra",2009,801,"E",NA,10.1860174781523,"E",NA,8159,"E",NA
3,"Albania",430,"Okra",2010,800,"F",NA,10,"E",NA,8000,"E",NA
3,"Albania",430,"Okra",2011,792,"E",NA,10.2941919191919,"E",NA,8153,"E",NA
3,"Albania",430,"Okra",2012,800,"F",NA,10,"E",NA,8000,"E",NA
3,"Albania",430,"Okra",2013,800,"T",NA,10,"T",NA,8000,"T",NA
12,"Bahamas",430,"Okra",1995,0,"M",NA,NA,"M",NA,0,"M",NA
12,"Bahamas",430,"Okra",1996,0,"M",NA,NA,"M",NA,0,"M",NA
12,"Bahamas",430,"Okra",1997,0,"M",NA,NA,"M",NA,0,"M",NA
12,"Bahamas",430,"Okra",1998,0,"M",NA,NA,"M",NA,0,"M",NA
12,"Bahamas",430,"Okra",1999,0,"M",NA,NA,"M",NA,0,"M",NA
12,"Bahamas",430,"Okra",2000,0,"M",NA,NA,"M",NA,0,"M",NA
12,"Bahamas",430,"Okra",2001,0,"M",NA,NA,"M",NA,0,"M",NA
12,"Bahamas",430,"Okra",2002,0,"M",NA,NA,"M",NA,0,"M",NA
12,"Bahamas",430,"Okra",2003,0,"M",NA,NA,"M",NA,0,"M",NA
12,"Bahamas",430,"Okra",2004,0,"M",NA,NA,"M",NA,0,"M",NA
12,"Bahamas",430,"Okra",2005,0,"M",NA,NA,"M",NA,0,"M",NA
12,"Bahamas",430,"Okra",2006,0,"M",NA,NA,"M",NA,0,"M",NA
12,"Bahamas",430,"Okra",2007,0,"M",NA,NA,"M",NA,0,"M",NA
12,"Bahamas",430,"Okra",2008,0,"M",NA,NA,"M",NA,0,"M",NA
12,"Bahamas",430,"Okra",2009,0,"M",NA,NA,"M",NA,0,"M",NA
12,"Bahamas",430,"Okra",2010,19,"",NA,23.3157894736842,"",NA,443,"",NA
12,"Bahamas",430,"Okra",2011,19,"",NA,23.6315789473684,"",NA,449,"",NA
12,"Bahamas",430,"Okra",2012,19,"",NA,24,"",NA,456,"",NA
12,"Bahamas",430,"Okra",2013,19,"T",NA,24,"T",NA,456,"T",NA
13,"Bahrain",430,"Okra",1995,0,"M",NA,NA,"M",NA,0,"M",NA
13,"Bahrain",430,"Okra",1996,0,"M",NA,NA,"M",NA,0,"M",NA
13,"Bahrain",430,"Okra",1997,0,"M",NA,NA,"M",NA,0,"M",NA
13,"Bahrain",430,"Okra",1998,0,"M",NA,NA,"M",NA,0,"M",NA
13,"Bahrain",430,"Okra",1999,0,"M",NA,NA,"M",NA,0,"M",NA
13,"Bahrain",430,"Okra",2000,0,"M",NA,NA,"M",NA,0,"M",NA
13,"Bahrain",430,"Okra",2001,0,"M",NA,NA,"M",NA,0,"M",NA
13,"Bahrain",430,"Okra",2002,0,"M",NA,NA,"M",NA,0,"M",NA
13,"Bahrain",430,"Okra",2003,0,"M",NA,NA,"M",NA,0,"M",NA
13,"Bahrain",430,"Okra",2004,0,"M",NA,NA,"M",NA,0,"M",NA
13,"Bahrain",430,"Okra",2005,29,"",NA,1.89655172413793,"",NA,55,"",NA
13,"Bahrain",430,"Okra",2006,58,"",NA,28.5,"",NA,1653,"",NA
13,"Bahrain",430,"Okra",2007,35,"",NA,25.5714285714286,"",NA,895,"",NA
13,"Bahrain",430,"Okra",2008,31,"",NA,22,"",NA,682,"",NA
13,"Bahrain",430,"Okra",2009,28,"",NA,19.2857142857143,"",NA,540,"",NA
13,"Bahrain",430,"Okra",2010,26,"E",NA,19.1538461538462,"E",NA,498,"E",NA
13,"Bahrain",430,"Okra",2011,25,"E",NA,20.44,"E",NA,511,"E",NA
13,"Bahrain",430,"Okra",2012,25,"F",NA,22,"E",NA,550,"E",NA
13,"Bahrain",430,"Okra",2013,25,"T",NA,22,"T",NA,550,"T",NA
14,"Barbados",430,"Okra",1995,70,"F",NA,7.07142857142857,"E",NA,495,"",NA
14,"Barbados",430,"Okra",1996,65,"F",NA,7.69230769230769,"E",NA,500,"E",NA
14,"Barbados",430,"Okra",1997,75,"F",NA,8,"E",NA,600,"E",NA
14,"Barbados",430,"Okra",1998,85,"F",NA,8.23529411764706,"E",NA,700,"E",NA
14,"Barbados",430,"Okra",1999,95,"F",NA,11.5789473684211,"E",NA,1100,"E",NA
14,"Barbados",430,"Okra",2000,100,"F",NA,11.5,"E",NA,1150,"E",NA
14,"Barbados",430,"Okra",2001,105,"F",NA,11.4285714285714,"E",NA,1200,"E",NA
14,"Barbados",430,"Okra",2002,115,"",NA,11.2086956521739,"",NA,1289,"",NA
14,"Barbados",430,"Okra",2003,131,"",NA,11.1908396946565,"",NA,1466,"",NA
14,"Barbados",430,"Okra",2004,50,"F",NA,11.4,"E",NA,570,"",NA
14,"Barbados",430,"Okra",2005,45,"F",NA,11,"E",NA,495,"",NA
14,"Barbados",430,"Okra",2006,47,"F",NA,11.1702127659574,"E",NA,525,"",NA
14,"Barbados",430,"Okra",2007,59,"F",NA,11.1525423728814,"E",NA,658,"",NA
14,"Barbados",430,"Okra",2008,38,"F",NA,11.1578947368421,"E",NA,424,"",NA
14,"Barbados",430,"Okra",2009,21,"F",NA,11.6666666666667,"E",NA,245,"",NA
14,"Barbados",430,"Okra",2010,27,"F",NA,11.2222222222222,"E",NA,303,"",NA
14,"Barbados",430,"Okra",2011,28,"F",NA,11.1428571428571,"E",NA,312,"",NA
14,"Barbados",430,"Okra",2012,30,"F",NA,10.6666666666667,"E",NA,320,"E",NA
14,"Barbados",430,"Okra",2013,30,"T",NA,10.6666666666667,"T",NA,320,"T",NA
23,"Belize",430,"Okra",1995,13,"E",NA,4.23076923076923,"E",NA,55,"E",NA
23,"Belize",430,"Okra",1996,1,"",NA,9,"",NA,9,"",NA
23,"Belize",430,"Okra",1997,2,"E",NA,4,"E",NA,8,"E",NA
23,"Belize",430,"Okra",1998,3,"E",NA,2.33333333333333,"E",NA,7,"",NA
23,"Belize",430,"Okra",1999,7,"",NA,5.71428571428571,"",NA,40,"",NA
23,"Belize",430,"Okra",2000,25,"",NA,12.16,"",NA,304,"",NA
23,"Belize",430,"Okra",2001,23,"",NA,8.34782608695652,"",NA,192,"",NA
23,"Belize",430,"Okra",2002,25,"F",NA,9.96,"E",NA,249,"",NA
23,"Belize",430,"Okra",2003,15,"F",NA,7.2,"E",NA,108,"",NA
23,"Belize",430,"Okra",2004,10,"F",NA,5.1,"E",NA,51,"",NA
23,"Belize",430,"Okra",2005,5,"F",NA,3.2,"E",NA,16,"",NA
23,"Belize",430,"Okra",2006,13,"",NA,6,"",NA,78,"",NA
23,"Belize",430,"Okra",2007,6,"",NA,3.66666666666667,"",NA,22,"",NA
23,"Belize",430,"Okra",2008,11,"",NA,2.72727272727273,"",NA,30,"",NA
23,"Belize",430,"Okra",2009,10,"",NA,2.9,"",NA,29,"",NA
23,"Belize",430,"Okra",2010,7,"E",NA,4.28571428571429,"E",NA,30,"E",NA
23,"Belize",430,"Okra",2011,27,"",NA,1.77777777777778,"",NA,48,"",NA
23,"Belize",430,"Okra",2012,8,"",NA,2.875,"",NA,23,"",NA
23,"Belize",430,"Okra",2013,9,"",NA,5.33333333333333,"",NA,48,"",NA
26,"Brunei Darsm",430,"Okra",1995,261,"T",NA,0.800766283524904,"E",NA,209,"E",NA
26,"Brunei Darsm",430,"Okra",1996,294,"T",NA,0.799319727891156,"E",NA,235,"E",NA
26,"Brunei Darsm",430,"Okra",1997,291,"T",NA,0.800687285223368,"E",NA,233,"E",NA
26,"Brunei Darsm",430,"Okra",1998,276,"T",NA,0.800724637681159,"E",NA,221,"E",NA
26,"Brunei Darsm",430,"Okra",1999,307,"T",NA,0.798045602605863,"E",NA,245,"E",NA
26,"Brunei Darsm",430,"Okra",2000,388,"T",NA,0.798969072164949,"T",NA,310,"T",NA
26,"Brunei Darsm",430,"Okra",2001,390,"T",NA,0.8,"T",NA,312,"T",NA
26,"Brunei Darsm",430,"Okra",2002,420,"T",NA,0.8,"T",NA,336,"T",NA
26,"Brunei Darsm",430,"Okra",2003,453,"T",NA,0.801324503311258,"T",NA,363,"T",NA
26,"Brunei Darsm",430,"Okra",2004,518,"",NA,0.799227799227799,"",NA,414,"",NA
26,"Brunei Darsm",430,"Okra",2005,474,"",NA,0.79957805907173,"",NA,379,"",NA
26,"Brunei Darsm",430,"Okra",2006,446,"F",NA,0.800448430493274,"E",NA,357,"",NA
26,"Brunei Darsm",430,"Okra",2007,429,"F",NA,0.7995337995338,"E",NA,343,"E",NA
26,"Brunei Darsm",430,"Okra",2008,430,"F",NA,0.790697674418605,"E",NA,340,"E",NA
26,"Brunei Darsm",430,"Okra",2009,451,"E",NA,0.882483370288248,"E",NA,398,"E",NA
26,"Brunei Darsm",430,"Okra",2010,453,"E",NA,0.774834437086093,"E",NA,351,"E",NA
26,"Brunei Darsm",430,"Okra",2011,444,"E",NA,0.880630630630631,"E",NA,391,"E",NA
26,"Brunei Darsm",430,"Okra",2012,450,"F",NA,0.933333333333333,"E",NA,420,"E",NA
26,"Brunei Darsm",430,"Okra",2013,450,"T",NA,0.933333333333333,"T",NA,420,"T",NA
32,"Cameroon",430,"Okra",1995,23000,"F",NA,0.739130434782609,"E",NA,17000,"E",NA
32,"Cameroon",430,"Okra",1996,24000,"F",NA,0.75,"E",NA,18000,"E",NA
32,"Cameroon",430,"Okra",1997,27000,"F",NA,0.740740740740741,"E",NA,20000,"E",NA
32,"Cameroon",430,"Okra",1998,30000,"F",NA,0.742866666666667,"E",NA,22286,"",NA
32,"Cameroon",430,"Okra",1999,18755,"",NA,1.73495067981872,"",NA,32539,"",NA
32,"Cameroon",430,"Okra",2000,18602,"",NA,1.74922051392323,"",NA,32539,"",NA
32,"Cameroon",430,"Okra",2001,28230,"",NA,1.18030464045342,"",NA,33320,"",NA
32,"Cameroon",430,"Okra",2002,32990,"",NA,1.03425280387996,"",NA,34120,"",NA
32,"Cameroon",430,"Okra",2003,38553,"",NA,0.906232977978367,"",NA,34938,"",NA
32,"Cameroon",430,"Okra",2004,45054,"",NA,0.794091534602921,"",NA,35777,"",NA
32,"Cameroon",430,"Okra",2005,17445,"",NA,2.00068787618229,"",NA,34902,"",NA
32,"Cameroon",430,"Okra",2006,19447,"",NA,2.03213863320821,"",NA,39519,"",NA
32,"Cameroon",430,"Okra",2007,15019,"",NA,2.70004660763033,"",NA,40552,"",NA
32,"Cameroon",430,"Okra",2008,15402,"",NA,2.69997402934684,"",NA,41585,"",NA
32,"Cameroon",430,"Okra",2009,18622,"",NA,2.53297175383954,"",NA,47169,"",NA
32,"Cameroon",430,"Okra",2010,24004,"",NA,2.51558073654391,"",NA,60384,"",NA
32,"Cameroon",430,"Okra",2011,26127,"",NA,2.43169900868833,"",NA,63533,"",NA
32,"Cameroon",430,"Okra",2012,26500,"F",NA,2.60603773584906,"E",NA,69060,"",NA
32,"Cameroon",430,"Okra",2013,26500,"T",NA,2.74192452830189,"T",NA,72661,"",NA
46,"Congo, Rep",430,"Okra",1995,150,"F",NA,3,"E",NA,450,"E",NA
46,"Congo, Rep",430,"Okra",1996,165,"F",NA,3.03030303030303,"E",NA,500,"E",NA
46,"Congo, Rep",430,"Okra",1997,185,"F",NA,2.97297297297297,"E",NA,550,"E",NA
46,"Congo, Rep",430,"Okra",1998,200,"F",NA,3,"E",NA,600,"E",NA
46,"Congo, Rep",430,"Okra",1999,215,"F",NA,3.02325581395349,"E",NA,650,"E",NA
46,"Congo, Rep",430,"Okra",2000,230,"F",NA,3.04347826086957,"E",NA,700,"E",NA
46,"Congo, Rep",430,"Okra",2001,250,"F",NA,3,"E",NA,750,"E",NA
46,"Congo, Rep",430,"Okra",2002,265,"F",NA,3.0188679245283,"E",NA,800,"E",NA
46,"Congo, Rep",430,"Okra",2003,290,"F",NA,2.95862068965517,"E",NA,858,"",NA
46,"Congo, Rep",430,"Okra",2004,320,"F",NA,3.0125,"E",NA,964,"",NA
46,"Congo, Rep",430,"Okra",2005,325,"E",NA,2.98461538461538,"E",NA,970,"E",NA
46,"Congo, Rep",430,"Okra",2006,280,"E",NA,3.92142857142857,"E",NA,1098,"E",NA
46,"Congo, Rep",430,"Okra",2007,315,"F",NA,3.01587301587302,"E",NA,950,"E",NA
46,"Congo, Rep",430,"Okra",2008,320,"F",NA,3.03125,"E",NA,970,"E",NA
46,"Congo, Rep",430,"Okra",2009,387,"E",NA,2.84237726098191,"E",NA,1100,"E",NA
46,"Congo, Rep",430,"Okra",2010,499,"E",NA,2.82164328657315,"E",NA,1408,"E",NA
46,"Congo, Rep",430,"Okra",2011,473,"E",NA,3.07610993657505,"E",NA,1455,"E",NA
46,"Congo, Rep",430,"Okra",2012,500,"F",NA,3,"E",NA,1500,"E",NA
46,"Congo, Rep",430,"Okra",2013,500,"T",NA,3,"T",NA,1500,"T",NA
50,"Cyprus",430,"Okra",1995,70,"",NA,17.1428571428571,"",NA,1200,"",NA
50,"Cyprus",430,"Okra",1996,70,"",NA,17.1428571428571,"",NA,1200,"",NA
50,"Cyprus",430,"Okra",1997,73,"",NA,17.8082191780822,"",NA,1300,"",NA
50,"Cyprus",430,"Okra",1998,73,"",NA,16.4383561643836,"",NA,1200,"",NA
50,"Cyprus",430,"Okra",1999,73,"",NA,20.5479452054795,"",NA,1500,"",NA
50,"Cyprus",430,"Okra",2000,73,"",NA,17.3972602739726,"",NA,1270,"",NA
50,"Cyprus",430,"Okra",2001,73,"",NA,21.9178082191781,"",NA,1600,"",NA
50,"Cyprus",430,"Okra",2002,73,"",NA,24.6575342465753,"",NA,1800,"",NA
50,"Cyprus",430,"Okra",2003,93,"",NA,20.4301075268817,"",NA,1900,"",NA
50,"Cyprus",430,"Okra",2004,83,"",NA,19.8072289156627,"",NA,1644,"",NA
50,"Cyprus",430,"Okra",2005,84,"",NA,21.2857142857143,"",NA,1788,"",NA
50,"Cyprus",430,"Okra",2006,88,"",NA,25.5113636363636,"",NA,2245,"",NA
50,"Cyprus",430,"Okra",2007,88,"",NA,22.125,"",NA,1947,"",NA
50,"Cyprus",430,"Okra",2008,87,"",NA,22.0689655172414,"",NA,1920,"",NA
50,"Cyprus",430,"Okra",2009,87,"",NA,18.6781609195402,"",NA,1625,"",NA
50,"Cyprus",430,"Okra",2010,100,"",NA,16.08,"",NA,1608,"",NA
50,"Cyprus",430,"Okra",2011,99,"",NA,24.5252525252525,"",NA,2428,"",NA
50,"Cyprus",430,"Okra",2012,96,"",NA,20.75,"",NA,1992,"",NA
50,"Cyprus",430,"Okra",2013,96,"T",NA,20.75,"T",NA,1992,"T",NA
53,"Benin",430,"Okra",1995,7267,"",NA,4.29283060410073,"",NA,31196,"",NA
53,"Benin",430,"Okra",1996,16273,"",NA,3.17237141276962,"",NA,51624,"",NA
53,"Benin",430,"Okra",1997,16576,"",NA,3.03643822393822,"",NA,50332,"",NA
53,"Benin",430,"Okra",1998,18925,"",NA,2.82087186261559,"",NA,53385,"",NA
53,"Benin",430,"Okra",1999,17595,"",NA,3.10196078431373,"",NA,54579,"",NA
53,"Benin",430,"Okra",2000,19509,"",NA,3.02198985083807,"",NA,58956,"",NA
53,"Benin",430,"Okra",2001,18887,"",NA,3.07613702546725,"",NA,58099,"",NA
53,"Benin",430,"Okra",2002,23095,"",NA,2.96839142671574,"",NA,68555,"",NA
53,"Benin",430,"Okra",2003,23559,"T",NA,3.622097712127,"T",NA,85333,"T",NA
53,"Benin",430,"Okra",2004,21035,"",NA,3.30587116710245,"",NA,69539,"",NA
53,"Benin",430,"Okra",2005,17897,"",NA,4.25864670056434,"",NA,76217,"",NA
53,"Benin",430,"Okra",2006,17432,"",NA,4.43930702156953,"",NA,77386,"",NA
53,"Benin",430,"Okra",2007,14197,"",NA,3.46002676621822,"",NA,49122,"",NA
53,"Benin",430,"Okra",2008,13658,"",NA,3.51881681066042,"",NA,48060,"",NA
53,"Benin",430,"Okra",2009,12945,"",NA,3.31015836230205,"",NA,42850,"",NA
53,"Benin",430,"Okra",2010,13357,"",NA,3.41371565471288,"",NA,45597,"",NA
53,"Benin",430,"Okra",2011,13551,"",NA,3.56704302265515,"",NA,48337,"",NA
53,"Benin",430,"Okra",2012,17780,"",NA,3.8330146231721,"",NA,68151,"",NA
53,"Benin",430,"Okra",2013,17780,"T",NA,3.8330146231721,"T",NA,68151,"T",NA
59,"Egypt",430,"Okra",1995,5565,"T",NA,13.5832884097035,"T",NA,75591,"T",NA
59,"Egypt",430,"Okra",1996,5388,"T",NA,13.5278396436526,"T",NA,72888,"T",NA
59,"Egypt",430,"Okra",1997,5400,"F",NA,13.7037037037037,"E",NA,74000,"E",NA
59,"Egypt",430,"Okra",1998,5500,"F",NA,13.6363636363636,"E",NA,75000,"E",NA
59,"Egypt",430,"Okra",1999,6450,"",NA,15.0573643410853,"",NA,97120,"",NA
59,"Egypt",430,"Okra",2000,6000,"",NA,12.6666666666667,"",NA,76000,"",NA
59,"Egypt",430,"Okra",2001,6072,"",NA,14.0375494071146,"",NA,85236,"",NA
59,"Egypt",430,"Okra",2002,6360,"",NA,14.8223270440252,"",NA,94270,"",NA
59,"Egypt",430,"Okra",2003,6690,"",NA,15.6412556053812,"",NA,104640,"",NA
59,"Egypt",430,"Okra",2004,7060,"",NA,15.9178470254958,"",NA,112380,"",NA
59,"Egypt",430,"Okra",2005,7070,"",NA,16.0523338048091,"",NA,113490,"",NA
59,"Egypt",430,"Okra",2006,6970,"",NA,15.7087517934003,"",NA,109490,"",NA
59,"Egypt",430,"Okra",2007,7540,"",NA,15.6419098143236,"",NA,117940,"",NA
59,"Egypt",430,"Okra",2008,7200,"",NA,14.5402777777778,"",NA,104690,"",NA
59,"Egypt",430,"Okra",2009,9325,"",NA,14.4412868632708,"",NA,134665,"",NA
59,"Egypt",430,"Okra",2010,6885,"",NA,12.5246187363834,"",NA,86232,"",NA
59,"Egypt",430,"Okra",2011,6725,"",NA,12.4968029739777,"",NA,84041,"",NA
59,"Egypt",430,"Okra",2012,6957,"",NA,13.9583153658186,"",NA,97108,"",NA
59,"Egypt",430,"Okra",2013,6957,"T",NA,13.9583153658186,"T",NA,97108,"T",NA
66,"Fiji Islands",430,"Okra",1995,180,"F",NA,5.55555555555556,"E",NA,1000,"E",NA
66,"Fiji Islands",430,"Okra",1996,184,"E",NA,5.97826086956522,"E",NA,1100,"E",NA
66,"Fiji Islands",430,"Okra",1997,180,"F",NA,5.94444444444444,"E",NA,1070,"",NA
66,"Fiji Islands",430,"Okra",1998,180,"F",NA,6.11111111111111,"E",NA,1100,"E",NA
66,"Fiji Islands",430,"Okra",1999,176,"E",NA,6.38068181818182,"E",NA,1123,"E",NA
66,"Fiji Islands",430,"Okra",2000,170,"F",NA,5.88235294117647,"E",NA,1000,"E",NA
66,"Fiji Islands",430,"Okra",2001,164,"E",NA,6.51219512195122,"E",NA,1068,"E",NA
66,"Fiji Islands",430,"Okra",2002,141,"E",NA,6.90070921985816,"E",NA,973,"E",NA
66,"Fiji Islands",430,"Okra",2003,154,"E",NA,6.07142857142857,"E",NA,935,"E",NA
66,"Fiji Islands",430,"Okra",2004,152,"E",NA,6.72368421052632,"E",NA,1022,"E",NA
66,"Fiji Islands",430,"Okra",2005,149,"E",NA,6.43624161073826,"E",NA,959,"E",NA
66,"Fiji Islands",430,"Okra",2006,180,"F",NA,5.83333333333333,"E",NA,1050,"E",NA
66,"Fiji Islands",430,"Okra",2007,190,"F",NA,5.78947368421053,"E",NA,1100,"E",NA
66,"Fiji Islands",430,"Okra",2008,140,"E",NA,7.59285714285714,"E",NA,1063,"E",NA
66,"Fiji Islands",430,"Okra",2009,123,"E",NA,8.13821138211382,"E",NA,1001,"E",NA
66,"Fiji Islands",430,"Okra",2010,131,"E",NA,7.70992366412214,"E",NA,1010,"E",NA
66,"Fiji Islands",430,"Okra",2011,134,"E",NA,6.56716417910448,"E",NA,880,"E",NA
66,"Fiji Islands",430,"Okra",2012,135,"F",NA,6.66666666666667,"E",NA,900,"E",NA
66,"Fiji Islands",430,"Okra",2013,135,"T",NA,6.66666666666667,"T",NA,900,"T",NA
72,"Djibouti",430,"Okra",1995,NA,"",NA,NA,"",NA,13,"",NA
72,"Djibouti",430,"Okra",1996,NA,"",NA,NA,"E",NA,9,"E",NA
72,"Djibouti",430,"Okra",1997,NA,"",NA,NA,"E",NA,13,"E",NA
72,"Djibouti",430,"Okra",1998,NA,"",NA,NA,"E",NA,14,"E",NA
72,"Djibouti",430,"Okra",1999,NA,"",NA,NA,"E",NA,10,"E",NA
72,"Djibouti",430,"Okra",2000,NA,"",NA,NA,"",NA,15,"",NA
72,"Djibouti",430,"Okra",2001,NA,"",NA,NA,"E",NA,18,"E",NA
72,"Djibouti",430,"Okra",2002,NA,"",NA,NA,"E",NA,22,"E",NA
72,"Djibouti",430,"Okra",2003,NA,"",NA,NA,"E",NA,17,"E",NA
72,"Djibouti",430,"Okra",2004,NA,"",NA,NA,"E",NA,15,"E",NA
72,"Djibouti",430,"Okra",2005,NA,"",NA,NA,"",NA,19,"",NA
72,"Djibouti",430,"Okra",2006,NA,"",NA,NA,"E",NA,24,"E",NA
72,"Djibouti",430,"Okra",2007,NA,"",NA,NA,"E",NA,20,"E",NA
72,"Djibouti",430,"Okra",2008,NA,"",NA,NA,"E",NA,23,"E",NA
72,"Djibouti",430,"Okra",2009,NA,"",NA,NA,"E",NA,17,"E",NA
72,"Djibouti",430,"Okra",2010,NA,"",NA,NA,"E",NA,18,"E",NA
72,"Djibouti",430,"Okra",2011,NA,"",NA,NA,"E",NA,24,"E",NA
72,"Djibouti",430,"Okra",2012,NA,"",NA,NA,"E",NA,25,"E",NA
72,"Djibouti",430,"Okra",2013,NA,"",NA,NA,"T",NA,25,"T",NA
76,"Gaza Strip",430,"Okra",1995,0,"M",NA,NA,"M",NA,0,"M",NA
76,"Gaza Strip",430,"Okra",1996,0,"M",NA,NA,"M",NA,0,"M",NA
76,"Gaza Strip",430,"Okra",1997,0,"M",NA,NA,"M",NA,0,"M",NA
76,"Gaza Strip",430,"Okra",1998,0,"M",NA,NA,"M",NA,0,"M",NA
76,"Gaza Strip",430,"Okra",1999,0,"M",NA,NA,"M",NA,0,"M",NA
76,"Gaza Strip",430,"Okra",2000,0,"M",NA,NA,"M",NA,0,"M",NA
76,"Gaza Strip",430,"Okra",2001,0,"M",NA,NA,"M",NA,0,"M",NA
76,"Gaza Strip",430,"Okra",2002,0,"M",NA,NA,"M",NA,0,"M",NA
76,"Gaza Strip",430,"Okra",2003,0,"M",NA,NA,"M",NA,0,"M",NA
76,"Gaza Strip",430,"Okra",2004,0,"M",NA,NA,"M",NA,0,"M",NA
76,"Gaza Strip",430,"Okra",2005,0,"M",NA,NA,"M",NA,0,"M",NA
76,"Gaza Strip",430,"Okra",2006,0,"M",NA,NA,"M",NA,0,"M",NA
76,"Gaza Strip",430,"Okra",2007,0,"M",NA,NA,"M",NA,0,"M",NA
76,"Gaza Strip",430,"Okra",2008,0,"M",NA,NA,"M",NA,0,"M",NA
76,"Gaza Strip",430,"Okra",2009,0,"M",NA,NA,"M",NA,0,"M",NA
76,"Gaza Strip",430,"Okra",2010,0,"M",NA,NA,"M",NA,0,"M",NA
76,"Gaza Strip",430,"Okra",2011,0,"M",NA,NA,"M",NA,0,"M",NA
76,"Gaza Strip",430,"Okra",2012,0,"M",NA,NA,"M",NA,0,"M",NA
76,"Gaza Strip",430,"Okra",2013,0,"M",NA,NA,"M",NA,0,"M",NA
81,"Ghana",430,"Okra",1995,27000,"F",NA,5.55555555555556,"E",NA,150000,"E",NA
81,"Ghana",430,"Okra",1996,28000,"F",NA,7.442,"E",NA,208376,"E",NA
81,"Ghana",430,"Okra",1997,29388,"E",NA,7.29287464271131,"E",NA,214323,"E",NA
81,"Ghana",430,"Okra",1998,31047,"E",NA,7.80603600992044,"E",NA,242354,"E",NA
81,"Ghana",430,"Okra",1999,28865,"E",NA,9.30112593105838,"E",NA,268477,"E",NA
81,"Ghana",430,"Okra",2000,18000,"",NA,5.55555555555556,"",NA,1e+05,"",NA
81,"Ghana",430,"Okra",2001,16692,"E",NA,7.36616343158399,"E",NA,122956,"E",NA
81,"Ghana",430,"Okra",2002,20094,"E",NA,6.40813178063103,"E",NA,128765,"E",NA
81,"Ghana",430,"Okra",2003,22102,"E",NA,5.69799113202425,"E",NA,125937,"E",NA
81,"Ghana",430,"Okra",2004,20179,"E",NA,5.94419941523366,"E",NA,119948,"E",NA
81,"Ghana",430,"Okra",2005,15565,"E",NA,7.26527465467395,"E",NA,113084,"E",NA
81,"Ghana",430,"Okra",2006,19000,"F",NA,5.52631578947368,"E",NA,105000,"E",NA
81,"Ghana",430,"Okra",2007,19500,"F",NA,5.53846153846154,"E",NA,108000,"E",NA
81,"Ghana",430,"Okra",2008,17930,"E",NA,5.00451756832125,"E",NA,89731,"E",NA
81,"Ghana",430,"Okra",2009,2400,"",NA,19.5833333333333,"",NA,47000,"",NA
81,"Ghana",430,"Okra",2010,2600,"",NA,19.2307692307692,"",NA,50000,"",NA
81,"Ghana",430,"Okra",2011,2800,"",NA,19.6428571428571,"",NA,55000,"",NA
81,"Ghana",430,"Okra",2012,3000,"",NA,20,"",NA,60000,"",NA
81,"Ghana",430,"Okra",2013,3000,"T",NA,20,"T",NA,60000,"T",NA
89,"Guatemala",430,"Okra",1995,397,"E",NA,13.3350125944584,"E",NA,5294,"E",NA
89,"Guatemala",430,"Okra",1996,417,"E",NA,13.3980815347722,"E",NA,5587,"E",NA
89,"Guatemala",430,"Okra",1997,436,"E",NA,13.4747706422018,"E",NA,5875,"E",NA
89,"Guatemala",430,"Okra",1998,450,"F",NA,10,"E",NA,4500,"E",NA
89,"Guatemala",430,"Okra",1999,590,"F",NA,8.47457627118644,"E",NA,5000,"E",NA
89,"Guatemala",430,"Okra",2000,770,"",NA,7.76623376623377,"",NA,5980,"",NA
89,"Guatemala",430,"Okra",2001,800,"F",NA,7.5,"E",NA,6000,"E",NA
89,"Guatemala",430,"Okra",2002,809,"E",NA,7.42398022249691,"E",NA,6006,"E",NA
89,"Guatemala",430,"Okra",2003,939,"E",NA,7.47603833865815,"E",NA,7020,"E",NA
89,"Guatemala",430,"Okra",2004,976,"E",NA,6.35655737704918,"E",NA,6204,"E",NA
89,"Guatemala",430,"Okra",2005,1013,"E",NA,6.65449160908194,"E",NA,6741,"E",NA
89,"Guatemala",430,"Okra",2006,1004,"E",NA,8.90737051792829,"E",NA,8943,"E",NA
89,"Guatemala",430,"Okra",2007,850,"F",NA,7.5,"E",NA,6375,"E",NA
89,"Guatemala",430,"Okra",2008,879,"E",NA,6.84641638225256,"E",NA,6018,"E",NA
89,"Guatemala",430,"Okra",2009,894,"E",NA,6.88478747203579,"E",NA,6155,"E",NA
89,"Guatemala",430,"Okra",2010,915,"E",NA,6.45901639344262,"E",NA,5910,"E",NA
89,"Guatemala",430,"Okra",2011,930,"E",NA,6.51505376344086,"E",NA,6059,"E",NA
89,"Guatemala",430,"Okra",2012,1000,"F",NA,6.5,"E",NA,6500,"E",NA
89,"Guatemala",430,"Okra",2013,1000,"T",NA,6.5,"T",NA,6500,"T",NA
91,"Guyana",430,"Okra",1995,0,"M",NA,NA,"M",NA,0,"M",NA
91,"Guyana",430,"Okra",1996,0,"M",NA,NA,"M",NA,0,"M",NA
91,"Guyana",430,"Okra",1997,600,"F",NA,7,"E",NA,4200,"E",NA
91,"Guyana",430,"Okra",1998,620,"F",NA,6.93548387096774,"E",NA,4300,"E",NA
91,"Guyana",430,"Okra",1999,630,"F",NA,6.98412698412698,"E",NA,4400,"E",NA
91,"Guyana",430,"Okra",2000,1300,"F",NA,6.98461538461538,"E",NA,9080,"",NA
91,"Guyana",430,"Okra",2001,600,"F",NA,7,"E",NA,4200,"",NA
91,"Guyana",430,"Okra",2002,590,"F",NA,6.94915254237288,"E",NA,4100,"E",NA
91,"Guyana",430,"Okra",2003,540,"F",NA,7.03703703703704,"E",NA,3800,"E",NA
91,"Guyana",430,"Okra",2004,490,"F",NA,6.93877551020408,"E",NA,3400,"E",NA
91,"Guyana",430,"Okra",2005,460,"F",NA,6.95652173913043,"E",NA,3200,"E",NA
91,"Guyana",430,"Okra",2006,340,"F",NA,7.05882352941176,"E",NA,2400,"E",NA
91,"Guyana",430,"Okra",2007,231,"E",NA,8.31168831168831,"E",NA,1920,"E",NA
91,"Guyana",430,"Okra",2008,318,"E",NA,6,"E",NA,1908,"E",NA
91,"Guyana",430,"Okra",2009,700,"F",NA,6.71428571428571,"E",NA,4700,"E",NA
91,"Guyana",430,"Okra",2010,1000,"F",NA,7.479,"E",NA,7479,"",NA
91,"Guyana",430,"Okra",2011,300,"F",NA,6.27,"E",NA,1881,"",NA
91,"Guyana",430,"Okra",2012,400,"F",NA,6.57,"E",NA,2628,"",NA
91,"Guyana",430,"Okra",2013,500,"F",NA,6.788,"E",NA,3394,"",NA
100,"India",430,"Okra",1995,420000,"",NA,9.28571428571429,"",NA,3900000,"",NA
100,"India",430,"Okra",1996,380000,"F",NA,10,"E",NA,3800000,"E",NA
100,"India",430,"Okra",1997,370000,"F",NA,10,"E",NA,3700000,"E",NA
100,"India",430,"Okra",1998,320000,"",NA,10.03125,"",NA,3210000,"",NA
100,"India",430,"Okra",1999,330000,"",NA,10.2424242424242,"",NA,3380000,"",NA
100,"India",430,"Okra",2000,350000,"",NA,9.77142857142857,"",NA,3420000,"",NA
100,"India",430,"Okra",2001,350000,"",NA,9.54285714285714,"",NA,3340000,"",NA
100,"India",430,"Okra",2002,350000,"",NA,9.48571428571429,"",NA,3320000,"",NA
100,"India",430,"Okra",2003,370000,"",NA,9.54054054054054,"",NA,3530000,"",NA
100,"India",430,"Okra",2004,353100,"",NA,10.2843387142453,"",NA,3631400,"",NA
100,"India",430,"Okra",2005,357300,"",NA,9.8303946263644,"",NA,3512400,"",NA
100,"India",430,"Okra",2006,391800,"",NA,10.1444614599285,"",NA,3974600,"",NA
100,"India",430,"Okra",2007,396000,"",NA,10.2777777777778,"",NA,4070000,"",NA
100,"India",430,"Okra",2008,407000,"",NA,10.2678132678133,"",NA,4179000,"",NA
100,"India",430,"Okra",2009,432000,"",NA,10.4814814814815,"",NA,4528000,"",NA
100,"India",430,"Okra",2010,452000,"",NA,10.6261061946903,"",NA,4803000,"",NA
100,"India",430,"Okra",2011,498000,"",NA,11.6144578313253,"",NA,5784000,"",NA
100,"India",430,"Okra",2012,518000,"",NA,12.0830115830116,"",NA,6259000,"",NA
100,"India",430,"Okra",2013,531000,"T",NA,11.9585687382298,"T",NA,6350000,"",NA
103,"Iraq",430,"Okra",1995,18500,"F",NA,8.64864864864865,"E",NA,160000,"E",NA
103,"Iraq",430,"Okra",1996,18000,"F",NA,8.61111111111111,"E",NA,155000,"E",NA
103,"Iraq",430,"Okra",1997,18500,"F",NA,8.10810810810811,"E",NA,150000,"E",NA
103,"Iraq",430,"Okra",1998,19000,"F",NA,8.21052631578947,"E",NA,156000,"E",NA
103,"Iraq",430,"Okra",1999,13463,"E",NA,8.54192973334324,"E",NA,115000,"E",NA
103,"Iraq",430,"Okra",2000,16000,"F",NA,5.3125,"E",NA,85000,"E",NA
103,"Iraq",430,"Okra",2001,15500,"F",NA,6.12903225806452,"E",NA,95000,"E",NA
103,"Iraq",430,"Okra",2002,16500,"F",NA,6.36363636363636,"E",NA,105000,"E",NA
103,"Iraq",430,"Okra",2003,16500,"",NA,7.09090909090909,"",NA,117000,"",NA
103,"Iraq",430,"Okra",2004,21750,"",NA,6.71264367816092,"",NA,146000,"",NA
103,"Iraq",430,"Okra",2005,19500,"",NA,6.97435897435897,"",NA,136000,"",NA
103,"Iraq",430,"Okra",2006,25750,"",NA,6.75728155339806,"",NA,174000,"",NA
103,"Iraq",430,"Okra",2007,22400,"",NA,6.27584821428571,"",NA,140579,"",NA
103,"Iraq",430,"Okra",2008,20150,"",NA,6.55161290322581,"",NA,132015,"",NA
103,"Iraq",430,"Okra",2009,20257,"",NA,7.54065261391124,"",NA,152751,"",NA
103,"Iraq",430,"Okra",2010,19534,"",NA,7.7413228217467,"",NA,151219,"",NA
103,"Iraq",430,"Okra",2011,19859,"",NA,7.95679540762375,"",NA,158014,"",NA
103,"Iraq",430,"Okra",2012,17620,"",NA,7.40902383654938,"",NA,130547,"",NA
103,"Iraq",430,"Okra",2013,18361,"",NA,7.75605903817875,"",NA,142409,"",NA
107,"C?te dIvoire",430,"Okra",1995,48000,"F",NA,2.5,"E",NA,120000,"E",NA
107,"C?te dIvoire",430,"Okra",1996,66244,"E",NA,2.21854054706841,"E",NA,146965,"E",NA
107,"C?te dIvoire",430,"Okra",1997,70153,"E",NA,1.34299317206677,"E",NA,94215,"",NA
107,"C?te dIvoire",430,"Okra",1998,52000,"F",NA,1.70832692307692,"E",NA,88833,"",NA
107,"C?te dIvoire",430,"Okra",1999,48346,"E",NA,1.8768667521615,"E",NA,90739,"",NA
107,"C?te dIvoire",430,"Okra",2000,53605,"E",NA,1.7290364704785,"E",NA,92685,"",NA
107,"C?te dIvoire",430,"Okra",2001,56000,"F",NA,2.49226785714286,"E",NA,139567,"",NA
107,"C?te dIvoire",430,"Okra",2002,57000,"F",NA,2.4999649122807,"E",NA,142498,"",NA
107,"C?te dIvoire",430,"Okra",2003,40000,"F",NA,2.47335,"E",NA,98934,"",NA
107,"C?te dIvoire",430,"Okra",2004,41000,"F",NA,2.4929512195122,"E",NA,102211,"",NA
107,"C?te dIvoire",430,"Okra",2005,42300,"F",NA,2.4963829787234,"E",NA,105597,"",NA
107,"C?te dIvoire",430,"Okra",2006,43000,"F",NA,2.53679069767442,"E",NA,109082,"",NA
107,"C?te dIvoire",430,"Okra",2007,45000,"F",NA,2.50082222222222,"E",NA,112537,"",NA
107,"C?te dIvoire",430,"Okra",2008,46000,"F",NA,2.51984782608696,"E",NA,115913,"",NA
107,"C?te dIvoire",430,"Okra",2009,48000,"F",NA,2.52952083333333,"E",NA,121417,"",NA
107,"C?te dIvoire",430,"Okra",2010,47000,"F",NA,2.67548936170213,"E",NA,125748,"",NA
107,"C?te dIvoire",430,"Okra",2011,49000,"F",NA,2.64477551020408,"E",NA,129594,"",NA
107,"C?te dIvoire",430,"Okra",2012,50000,"F",NA,2.6852,"E",NA,134260,"",NA
107,"C?te dIvoire",430,"Okra",2013,50000,"T",NA,2.6852,"T",NA,134260,"T",NA
109,"Jamaica",430,"Okra",1995,311,"",NA,6.43086816720257,"E",NA,2000,"E",NA
109,"Jamaica",430,"Okra",1996,369,"",NA,6.50406504065041,"E",NA,2400,"E",NA
109,"Jamaica",430,"Okra",1997,300,"",NA,6.70666666666667,"",NA,2012,"",NA
109,"Jamaica",430,"Okra",1998,306,"",NA,7.16993464052288,"",NA,2194,"",NA
109,"Jamaica",430,"Okra",1999,392,"",NA,7.74234693877551,"",NA,3035,"",NA
109,"Jamaica",430,"Okra",2000,349,"",NA,7.68481375358166,"",NA,2682,"",NA
109,"Jamaica",430,"Okra",2001,326,"",NA,8.37116564417178,"",NA,2729,"",NA
109,"Jamaica",430,"Okra",2002,301,"",NA,8.15614617940199,"",NA,2455,"",NA
109,"Jamaica",430,"Okra",2003,338,"",NA,9.05029585798817,"",NA,3059,"",NA
109,"Jamaica",430,"Okra",2004,278,"",NA,9.34892086330935,"",NA,2599,"",NA
109,"Jamaica",430,"Okra",2005,321,"",NA,9.41121495327103,"",NA,3021,"",NA
109,"Jamaica",430,"Okra",2006,404.1,"",NA,9.03662459787181,"",NA,3651.7,"",NA
109,"Jamaica",430,"Okra",2007,369,"",NA,9.15718157181572,"",NA,3379,"",NA
109,"Jamaica",430,"Okra",2008,385,"",NA,8.91428571428571,"",NA,3432,"",NA
109,"Jamaica",430,"Okra",2009,474,"",NA,9.23417721518987,"",NA,4377,"",NA
109,"Jamaica",430,"Okra",2010,480,"",NA,8.75416666666667,"",NA,4202,"",NA
109,"Jamaica",430,"Okra",2011,559,"",NA,9.86225402504472,"",NA,5513,"",NA
109,"Jamaica",430,"Okra",2012,634,"",NA,10.006309148265,"",NA,6344,"",NA
109,"Jamaica",430,"Okra",2013,661,"",NA,10.1376701966717,"",NA,6701,"",NA
112,"Jordan",430,"Okra",1995,782,"",NA,3.43350383631714,"",NA,2685,"",NA
112,"Jordan",430,"Okra",1996,687,"",NA,3.04949053857351,"",NA,2095,"",NA
112,"Jordan",430,"Okra",1997,1011,"",NA,2.81107814045499,"",NA,2842,"",NA
112,"Jordan",430,"Okra",1998,944,"",NA,2.85699152542373,"",NA,2697,"",NA
112,"Jordan",430,"Okra",1999,587,"",NA,3.34241908006814,"",NA,1962,"",NA
112,"Jordan",430,"Okra",2000,1003,"",NA,5.85144566301097,"",NA,5869,"",NA
112,"Jordan",430,"Okra",2001,488,"",NA,10.5819672131148,"",NA,5164,"",NA
112,"Jordan",430,"Okra",2002,817,"",NA,18.9596083231334,"",NA,15490,"",NA
112,"Jordan",430,"Okra",2003,536,"",NA,11.7742537313433,"",NA,6311,"",NA
112,"Jordan",430,"Okra",2004,620,"",NA,13.9790322580645,"",NA,8667,"",NA
112,"Jordan",430,"Okra",2005,879,"",NA,8.14903299203641,"",NA,7163,"",NA
112,"Jordan",430,"Okra",2006,965,"",NA,4.46010362694301,"",NA,4304,"",NA
112,"Jordan",430,"Okra",2007,879,"",NA,6.43003412969283,"",NA,5652,"",NA
112,"Jordan",430,"Okra",2008,962,"",NA,5.76923076923077,"",NA,5550,"",NA
112,"Jordan",430,"Okra",2009,1273,"",NA,4.85781618224666,"",NA,6184,"",NA
112,"Jordan",430,"Okra",2010,1043,"",NA,6.53307766059444,"",NA,6814,"",NA
112,"Jordan",430,"Okra",2011,686,"",NA,12.5655976676385,"",NA,8620,"",NA
112,"Jordan",430,"Okra",2012,1280,"",NA,4.57421875,"",NA,5855,"",NA
112,"Jordan",430,"Okra",2013,1280,"T",NA,4.57421875,"T",NA,5855,"T",NA
114,"Kenya",430,"Okra",1995,1791,"",NA,2.05527638190955,"",NA,3681,"",NA
114,"Kenya",430,"Okra",1996,485,"",NA,5.15876288659794,"",NA,2502,"",NA
114,"Kenya",430,"Okra",1997,873,"",NA,6.56471935853379,"",NA,5731,"",NA
114,"Kenya",430,"Okra",1998,709,"",NA,5.72355430183357,"",NA,4058,"",NA
114,"Kenya",430,"Okra",1999,696,"",NA,4.09626436781609,"",NA,2851,"",NA
114,"Kenya",430,"Okra",2000,687,"",NA,4.38427947598253,"",NA,3012,"",NA
114,"Kenya",430,"Okra",2001,814,"",NA,4.97788697788698,"",NA,4052,"",NA
114,"Kenya",430,"Okra",2002,671,"",NA,5.07004470938897,"",NA,3402,"",NA
114,"Kenya",430,"Okra",2003,794,"",NA,6.20277078085642,"",NA,4925,"",NA
114,"Kenya",430,"Okra",2004,800,"F",NA,6.25,"E",NA,5000,"E",NA
114,"Kenya",430,"Okra",2005,863,"",NA,8,"",NA,6904,"",NA
114,"Kenya",430,"Okra",2006,834,"",NA,8,"",NA,6672,"",NA
114,"Kenya",430,"Okra",2007,548,"",NA,8,"",NA,4384,"",NA
114,"Kenya",430,"Okra",2008,800,"F",NA,6.28,"E",NA,5024,"",NA
114,"Kenya",430,"Okra",2009,392,"",NA,8.05612244897959,"",NA,3158,"",NA
114,"Kenya",430,"Okra",2010,383,"",NA,8.71801566579635,"",NA,3339,"",NA
114,"Kenya",430,"Okra",2011,484,"",NA,11.9814049586777,"",NA,5799,"",NA
114,"Kenya",430,"Okra",2012,437,"",NA,12.649885583524,"",NA,5528,"",NA
114,"Kenya",430,"Okra",2013,480,"F",NA,12.0375,"E",NA,5778,"",NA
118,"Kuwait",430,"Okra",1995,185,"F",NA,16.1081081081081,"E",NA,2980,"",NA
118,"Kuwait",430,"Okra",1996,262,"",NA,11.3702290076336,"",NA,2979,"",NA
118,"Kuwait",430,"Okra",1997,266,"",NA,11.4548872180451,"",NA,3047,"",NA
118,"Kuwait",430,"Okra",1998,270,"F",NA,11.5037037037037,"E",NA,3106,"",NA
118,"Kuwait",430,"Okra",1999,200,"F",NA,11.21,"E",NA,2242,"",NA
118,"Kuwait",430,"Okra",2000,220,"F",NA,11.2090909090909,"E",NA,2466,"",NA
118,"Kuwait",430,"Okra",2001,215,"F",NA,11.1627906976744,"E",NA,2400,"E",NA
118,"Kuwait",430,"Okra",2002,210,"E",NA,11.5142857142857,"E",NA,2418,"E",NA
118,"Kuwait",430,"Okra",2003,237,"E",NA,11.9367088607595,"E",NA,2829,"E",NA
118,"Kuwait",430,"Okra",2004,220,"F",NA,11.1363636363636,"E",NA,2450,"E",NA
118,"Kuwait",430,"Okra",2005,238,"E",NA,10.5042016806723,"E",NA,2500,"E",NA
118,"Kuwait",430,"Okra",2006,330,"",NA,13.1515151515152,"",NA,4340,"",NA
118,"Kuwait",430,"Okra",2007,330,"",NA,13.1515151515152,"",NA,4340,"",NA
118,"Kuwait",430,"Okra",2008,330,"",NA,13.1515151515152,"",NA,4340,"",NA
118,"Kuwait",430,"Okra",2009,341.4,"",NA,13.2665495020504,"",NA,4529.2,"",NA
118,"Kuwait",430,"Okra",2010,372.9,"",NA,13.3400375435774,"",NA,4974.5,"",NA
118,"Kuwait",430,"Okra",2011,365,"E",NA,13.9945205479452,"E",NA,5108,"E",NA
118,"Kuwait",430,"Okra",2012,380,"F",NA,14.4736842105263,"E",NA,5500,"E",NA
118,"Kuwait",430,"Okra",2013,380,"T",NA,14.4736842105263,"T",NA,5500,"T",NA
121,"Lebanon",430,"Okra",1995,1500,"F",NA,7.33333333333333,"E",NA,11000,"E",NA
121,"Lebanon",430,"Okra",1996,1672,"",NA,7.66327751196172,"",NA,12813,"",NA
121,"Lebanon",430,"Okra",1997,900,"F",NA,5.55555555555556,"E",NA,5000,"E",NA
121,"Lebanon",430,"Okra",1998,400,"",NA,4.25,"",NA,1700,"",NA
121,"Lebanon",430,"Okra",1999,300,"",NA,3.66666666666667,"",NA,1100,"",NA
121,"Lebanon",430,"Okra",2000,335,"",NA,3.28358208955224,"",NA,1100,"",NA
121,"Lebanon",430,"Okra",2001,293,"",NA,4.43686006825939,"",NA,1300,"",NA
121,"Lebanon",430,"Okra",2002,1045,"",NA,2.48803827751196,"",NA,2600,"",NA
121,"Lebanon",430,"Okra",2003,1468,"",NA,3.26975476839237,"",NA,4800,"",NA
121,"Lebanon",430,"Okra",2004,1260,"",NA,2.14285714285714,"",NA,2700,"",NA
121,"Lebanon",430,"Okra",2005,1300,"",NA,2.23076923076923,"",NA,2900,"",NA
121,"Lebanon",430,"Okra",2006,1047,"",NA,2.19675262655205,"",NA,2300,"",NA
121,"Lebanon",430,"Okra",2007,1238,"",NA,2.26171243941842,"",NA,2800,"",NA
121,"Lebanon",430,"Okra",2008,1240,"",NA,2.25806451612903,"",NA,2800,"",NA
121,"Lebanon",430,"Okra",2009,1070,"",NA,2.24299065420561,"",NA,2400,"",NA
121,"Lebanon",430,"Okra",2010,492,"",NA,2.33739837398374,"E",NA,1150,"E",NA
121,"Lebanon",430,"Okra",2011,500,"F",NA,2.2,"E",NA,1100,"E",NA
121,"Lebanon",430,"Okra",2012,500,"F",NA,2.4,"E",NA,1200,"E",NA
121,"Lebanon",430,"Okra",2013,500,"T",NA,2.4,"T",NA,1200,"T",NA
131,"Malaysia",430,"Okra",1995,490,"F",NA,10.2040816326531,"E",NA,5000,"E",NA
131,"Malaysia",430,"Okra",1996,730,"F",NA,10.2739726027397,"E",NA,7500,"E",NA
131,"Malaysia",430,"Okra",1997,730,"F",NA,10.2739726027397,"E",NA,7500,"E",NA
131,"Malaysia",430,"Okra",1998,730,"F",NA,10.2739726027397,"E",NA,7500,"E",NA
131,"Malaysia",430,"Okra",1999,970,"F",NA,10.3092783505155,"E",NA,10000,"E",NA
131,"Malaysia",430,"Okra",2000,970,"F",NA,10.3092783505155,"E",NA,10000,"E",NA
131,"Malaysia",430,"Okra",2001,970,"F",NA,10.3092783505155,"E",NA,10000,"E",NA
131,"Malaysia",430,"Okra",2002,1210,"F",NA,10.3305785123967,"E",NA,12500,"E",NA
131,"Malaysia",430,"Okra",2003,1210,"F",NA,10.3305785123967,"E",NA,12500,"E",NA
131,"Malaysia",430,"Okra",2004,1210,"F",NA,10.3305785123967,"E",NA,12500,"E",NA
131,"Malaysia",430,"Okra",2005,1450,"F",NA,10.3448275862069,"E",NA,15000,"E",NA
131,"Malaysia",430,"Okra",2006,1450,"F",NA,10.3448275862069,"E",NA,15000,"E",NA
131,"Malaysia",430,"Okra",2007,1450,"F",NA,10.3448275862069,"E",NA,15000,"E",NA
131,"Malaysia",430,"Okra",2008,1527,"",NA,11.6948264571054,"",NA,17858,"",NA
131,"Malaysia",430,"Okra",2009,1702,"",NA,15.1227967097532,"",NA,25739,"",NA
131,"Malaysia",430,"Okra",2010,2295,"",NA,11.4453159041394,"",NA,26267,"",NA
131,"Malaysia",430,"Okra",2011,2350,"",NA,12.2855319148936,"",NA,28871,"",NA
131,"Malaysia",430,"Okra",2012,2157,"",NA,12.8233657858136,"",NA,27660,"",NA
131,"Malaysia",430,"Okra",2013,2168,"",NA,12.8219557195572,"",NA,27798,"",NA
137,"Mauritius",430,"Okra",1995,90,"F",NA,6.11111111111111,"E",NA,550,"E",NA
137,"Mauritius",430,"Okra",1996,94,"E",NA,5.42553191489362,"E",NA,510,"E",NA
137,"Mauritius",430,"Okra",1997,95,"F",NA,6.31578947368421,"E",NA,600,"E",NA
137,"Mauritius",430,"Okra",1998,110,"F",NA,6.36363636363636,"E",NA,700,"E",NA
137,"Mauritius",430,"Okra",1999,130,"F",NA,6.53846153846154,"E",NA,850,"E",NA
137,"Mauritius",430,"Okra",2000,154,"E",NA,7.13636363636364,"E",NA,1099,"E",NA
137,"Mauritius",430,"Okra",2001,140,"F",NA,6.42857142857143,"E",NA,900,"E",NA
137,"Mauritius",430,"Okra",2002,145,"F",NA,6.41379310344828,"E",NA,930,"E",NA
137,"Mauritius",430,"Okra",2003,172,"E",NA,5.59302325581395,"E",NA,962,"E",NA
137,"Mauritius",430,"Okra",2004,150,"F",NA,6.33333333333333,"E",NA,950,"E",NA
137,"Mauritius",430,"Okra",2005,152,"",NA,6.34210526315789,"",NA,964,"",NA
137,"Mauritius",430,"Okra",2006,164,"",NA,8.23780487804878,"",NA,1351,"",NA
137,"Mauritius",430,"Okra",2007,177,"",NA,5.85310734463277,"",NA,1036,"",NA
137,"Mauritius",430,"Okra",2008,158,"",NA,8.0379746835443,"",NA,1270,"",NA
137,"Mauritius",430,"Okra",2009,174,"",NA,8.72988505747126,"",NA,1519,"",NA
137,"Mauritius",430,"Okra",2010,210,"",NA,7.58095238095238,"",NA,1592,"",NA
137,"Mauritius",430,"Okra",2011,153,"",NA,5.94117647058824,"",NA,909,"",NA
137,"Mauritius",430,"Okra",2012,155,"",NA,6.45806451612903,"",NA,1001,"",NA
137,"Mauritius",430,"Okra",2013,155,"T",NA,6.45806451612903,"T",NA,1001,"T",NA
138,"Mexico",430,"Okra",1995,4304,"",NA,6.33852230483271,"",NA,27281,"",NA
138,"Mexico",430,"Okra",1996,2182,"",NA,5.9179651695692,"",NA,12913,"",NA
138,"Mexico",430,"Okra",1997,4448,"",NA,6.59375,"",NA,29329,"",NA
138,"Mexico",430,"Okra",1998,5848,"",NA,5.69186046511628,"",NA,33286,"",NA
138,"Mexico",430,"Okra",1999,4470,"",NA,7.01543624161074,"",NA,31359,"",NA
138,"Mexico",430,"Okra",2000,6765,"",NA,6.22956393200296,"",NA,42143,"",NA
138,"Mexico",430,"Okra",2001,3159,"",NA,6.91769547325103,"",NA,21853,"",NA
138,"Mexico",430,"Okra",2002,5303,"",NA,6.30812747501414,"",NA,33452,"",NA
138,"Mexico",430,"Okra",2003,3004,"",NA,8.14513981358189,"",NA,24468,"",NA
138,"Mexico",430,"Okra",2004,3695,"",NA,7.2424898511502,"",NA,26761,"",NA
138,"Mexico",430,"Okra",2005,2614,"",NA,7.24560061208875,"",NA,18940,"",NA
138,"Mexico",430,"Okra",2006,4561,"",NA,8.24994518745889,"",NA,37628,"",NA
138,"Mexico",430,"Okra",2007,3106,"",NA,11.5730843528654,"",NA,35946,"",NA
138,"Mexico",430,"Okra",2008,4277,"",NA,8.34954407294833,"",NA,35711,"",NA
138,"Mexico",430,"Okra",2009,3546,"",NA,8.08544839255499,"",NA,28671,"",NA
138,"Mexico",430,"Okra",2010,2394,"",NA,7.70551378446115,"",NA,18447,"",NA
138,"Mexico",430,"Okra",2011,3020,"",NA,8.82980132450331,"",NA,26666,"",NA
138,"Mexico",430,"Okra",2012,3031,"",NA,8.64731111844276,"",NA,26210,"",NA
138,"Mexico",430,"Okra",2013,3031,"T",NA,8.64731111844276,"T",NA,26210,"T",NA
159,"Nigeria",430,"Okra",1995,450212,"E",NA,1.39934075502208,"E",NA,630000,"E",NA
159,"Nigeria",430,"Okra",1996,621330,"E",NA,1.04614295141068,"E",NA,650000,"E",NA
159,"Nigeria",430,"Okra",1997,245000,"F",NA,2.49795918367347,"E",NA,612000,"",NA
159,"Nigeria",430,"Okra",1998,255000,"F",NA,2.50196078431373,"E",NA,638000,"",NA
159,"Nigeria",430,"Okra",1999,275000,"F",NA,2.61454545454545,"E",NA,719000,"",NA
159,"Nigeria",430,"Okra",2000,304915,"E",NA,2.40497515701097,"E",NA,733313,"E",NA
159,"Nigeria",430,"Okra",2001,282751,"E",NA,2.62965294552451,"E",NA,743537,"E",NA
159,"Nigeria",430,"Okra",2002,285000,"F",NA,2.63157894736842,"E",NA,750000,"E",NA
159,"Nigeria",430,"Okra",2003,3e+05,"F",NA,2.7,"E",NA,810000,"E",NA
159,"Nigeria",430,"Okra",2004,330000,"F",NA,2.63636363636364,"E",NA,870000,"E",NA
159,"Nigeria",430,"Okra",2005,350000,"F",NA,2.71428571428571,"E",NA,950000,"E",NA
159,"Nigeria",430,"Okra",2006,370000,"F",NA,2.7027027027027,"E",NA,1e+06,"E",NA
159,"Nigeria",430,"Okra",2007,430000,"F",NA,2.97674418604651,"E",NA,1280000,"",NA
159,"Nigeria",430,"Okra",2008,387000,"",NA,2.68475452196382,"",NA,1039000,"",NA
159,"Nigeria",430,"Okra",2009,390000,"F",NA,2.69230769230769,"E",NA,1050000,"E",NA
159,"Nigeria",430,"Okra",2010,397290,"",NA,2.72752900903622,"",NA,1083620,"",NA
159,"Nigeria",430,"Okra",2011,376570,"",NA,2.81652813553921,"",NA,1060620,"",NA
159,"Nigeria",430,"Okra",2012,385000,"F",NA,2.85714285714286,"E",NA,1100000,"E",NA
159,"Nigeria",430,"Okra",2013,385000,"T",NA,2.85714285714286,"T",NA,1100000,"T",NA
165,"Pakistan",430,"Okra",1995,11345,"",NA,8.53177611282503,"",NA,96793,"",NA
165,"Pakistan",430,"Okra",1996,12075,"",NA,8.75610766045549,"",NA,105730,"",NA
165,"Pakistan",430,"Okra",1997,12405,"",NA,8.77186618299073,"",NA,108815,"",NA
165,"Pakistan",430,"Okra",1998,13077,"",NA,8.87321251051464,"",NA,116035,"",NA
165,"Pakistan",430,"Okra",1999,13447,"",NA,8.93857365955232,"",NA,120197,"",NA
165,"Pakistan",430,"Okra",2000,13148,"",NA,7.65393976270155,"",NA,100634,"",NA
165,"Pakistan",430,"Okra",2001,12884,"",NA,7.80324433405775,"",NA,100537,"",NA
165,"Pakistan",430,"Okra",2002,13443,"",NA,7.66889831138883,"",NA,103093,"",NA
165,"Pakistan",430,"Okra",2003,12921,"",NA,7.70745298351521,"",NA,99588,"",NA
165,"Pakistan",430,"Okra",2004,13833,"",NA,7.71502927781392,"",NA,106722,"",NA
165,"Pakistan",430,"Okra",2005,14384,"",NA,7.59447997775306,"",NA,109239,"",NA
165,"Pakistan",430,"Okra",2006,14780,"",NA,7.54837618403248,"",NA,111565,"",NA
165,"Pakistan",430,"Okra",2007,14996,"",NA,6.91244331821819,"",NA,103659,"",NA
165,"Pakistan",430,"Okra",2008,15081,"",NA,7.60274517604933,"",NA,114657,"",NA
165,"Pakistan",430,"Okra",2009,15179,"",NA,7.64846169049344,"",NA,116096,"",NA
165,"Pakistan",430,"Okra",2010,14148,"",NA,7.59492507774951,"",NA,107453,"",NA
165,"Pakistan",430,"Okra",2011,13919,"",NA,7.36956677922265,"",NA,102577,"",NA
165,"Pakistan",430,"Okra",2012,14000,"F",NA,7.71428571428571,"E",NA,108000,"E",NA
165,"Pakistan",430,"Okra",2013,14000,"T",NA,7.71428571428571,"T",NA,108000,"T",NA
171,"Philippines",430,"Okra",1995,2861,"",NA,10.0964697658161,"",NA,28886,"",NA
171,"Philippines",430,"Okra",1996,2842,"",NA,10.6808585503167,"",NA,30355,"",NA
171,"Philippines",430,"Okra",1997,2939,"",NA,10.5508676420551,"",NA,31009,"",NA
171,"Philippines",430,"Okra",1998,2414,"",NA,9.94490472245236,"",NA,24007,"",NA
171,"Philippines",430,"Okra",1999,2729,"",NA,9.22462440454379,"",NA,25174,"",NA
171,"Philippines",430,"Okra",2000,2907,"",NA,8.75541795665635,"",NA,25452,"",NA
171,"Philippines",430,"Okra",2001,2972,"",NA,8.46567967698519,"",NA,25160,"",NA
171,"Philippines",430,"Okra",2002,3024,"",NA,8.35119047619048,"",NA,25254,"",NA
171,"Philippines",430,"Okra",2003,3018,"",NA,7.6182902584493,"",NA,22992,"",NA
171,"Philippines",430,"Okra",2004,3121,"",NA,7.9823774431272,"",NA,24913,"",NA
171,"Philippines",430,"Okra",2005,3138,"",NA,8.27214786488209,"",NA,25958,"",NA
171,"Philippines",430,"Okra",2006,3211,"",NA,8.3179694799128,"",NA,26709,"",NA
171,"Philippines",430,"Okra",2007,3287,"",NA,8.48372376026772,"",NA,27886,"",NA
171,"Philippines",430,"Okra",2008,3488,"",NA,8.45326834862385,"",NA,29485,"",NA
171,"Philippines",430,"Okra",2009,3555,"",NA,8.35724331926864,"",NA,29710,"",NA
171,"Philippines",430,"Okra",2010,3571,"",NA,7.3301596191543,"",NA,26176,"",NA
171,"Philippines",430,"Okra",2011,3497,"",NA,8.3297111810123,"",NA,29129,"",NA
171,"Philippines",430,"Okra",2012,3568,"",NA,8.34276905829596,"",NA,29767,"",NA
171,"Philippines",430,"Okra",2013,3586,"",NA,8.39793641940881,"",NA,30115,"",NA
177,"Puerto Rico",430,"Okra",1995,0,"M",NA,NA,"M",NA,0,"M",NA
177,"Puerto Rico",430,"Okra",1996,0,"M",NA,NA,"M",NA,0,"M",NA
177,"Puerto Rico",430,"Okra",1997,0,"M",NA,NA,"M",NA,0,"M",NA
177,"Puerto Rico",430,"Okra",1998,0,"M",NA,NA,"M",NA,0,"M",NA
177,"Puerto Rico",430,"Okra",1999,0,"M",NA,NA,"M",NA,0,"M",NA
177,"Puerto Rico",430,"Okra",2000,0,"M",NA,NA,"M",NA,0,"M",NA
177,"Puerto Rico",430,"Okra",2001,0,"M",NA,NA,"M",NA,0,"M",NA
177,"Puerto Rico",430,"Okra",2002,0,"M",NA,NA,"M",NA,0,"M",NA
177,"Puerto Rico",430,"Okra",2003,60,"",NA,2.3,"",NA,138,"",NA
177,"Puerto Rico",430,"Okra",2004,60,"",NA,2.3,"",NA,138,"",NA
177,"Puerto Rico",430,"Okra",2005,41,"",NA,2.31707317073171,"",NA,95,"",NA
177,"Puerto Rico",430,"Okra",2006,52,"E",NA,2.17307692307692,"E",NA,113,"E",NA
177,"Puerto Rico",430,"Okra",2007,45,"F",NA,2.44444444444444,"E",NA,110,"E",NA
177,"Puerto Rico",430,"Okra",2008,47,"E",NA,2.38297872340426,"E",NA,112,"E",NA
177,"Puerto Rico",430,"Okra",2009,58,"E",NA,2.17241379310345,"E",NA,126,"E",NA
177,"Puerto Rico",430,"Okra",2010,59,"E",NA,2.08474576271186,"E",NA,123,"E",NA
177,"Puerto Rico",430,"Okra",2011,69,"E",NA,2.30434782608696,"E",NA,159,"E",NA
177,"Puerto Rico",430,"Okra",2012,70,"F",NA,2.35714285714286,"E",NA,165,"E",NA
177,"Puerto Rico",430,"Okra",2013,70,"T",NA,2.35714285714286,"T",NA,165,"T",NA
179,"Qatar",430,"Okra",1995,109,"",NA,4.00917431192661,"",NA,437,"",NA
179,"Qatar",430,"Okra",1996,172,"",NA,4,"",NA,688,"",NA
179,"Qatar",430,"Okra",1997,203,"",NA,4,"",NA,812,"",NA
179,"Qatar",430,"Okra",1998,150,"",NA,4.00666666666667,"",NA,601,"",NA
179,"Qatar",430,"Okra",1999,159,"",NA,4.25786163522013,"",NA,677,"",NA
179,"Qatar",430,"Okra",2000,163,"",NA,5.09815950920245,"",NA,831,"",NA
179,"Qatar",430,"Okra",2001,61,"",NA,4.01639344262295,"",NA,245,"",NA
179,"Qatar",430,"Okra",2002,61,"",NA,4.01639344262295,"",NA,245,"",NA
179,"Qatar",430,"Okra",2003,70,"",NA,4,"",NA,280,"",NA
179,"Qatar",430,"Okra",2004,65,"",NA,3.89230769230769,"",NA,253,"",NA
179,"Qatar",430,"Okra",2005,70,"",NA,4.02857142857143,"",NA,282,"",NA
179,"Qatar",430,"Okra",2006,89,"",NA,4.58426966292135,"",NA,408,"",NA
179,"Qatar",430,"Okra",2007,126,"",NA,4.36507936507936,"",NA,550,"",NA
179,"Qatar",430,"Okra",2008,130,"",NA,4.23076923076923,"",NA,550,"",NA
179,"Qatar",430,"Okra",2009,76,"",NA,4,"",NA,304,"",NA
179,"Qatar",430,"Okra",2010,90,"",NA,5.44444444444444,"",NA,490,"",NA
179,"Qatar",430,"Okra",2011,75,"",NA,4,"",NA,300,"",NA
179,"Qatar",430,"Okra",2012,64,"",NA,4.015625,"",NA,257,"",NA
179,"Qatar",430,"Okra",2013,64,"T",NA,4.015625,"T",NA,257,"T",NA
194,"Saudi Arabia",430,"Okra",1995,10889,"",NA,5.13049866838093,"",NA,55866,"",NA
194,"Saudi Arabia",430,"Okra",1996,10602,"",NA,5.11092246745897,"",NA,54186,"",NA
194,"Saudi Arabia",430,"Okra",1997,10880,"",NA,5.28446691176471,"",NA,57495,"",NA
194,"Saudi Arabia",430,"Okra",1998,9500,"",NA,4.33768421052632,"",NA,41208,"",NA
194,"Saudi Arabia",430,"Okra",1999,6660,"",NA,7.50750750750751,"",NA,50000,"",NA
194,"Saudi Arabia",430,"Okra",2000,6568,"",NA,7.99923873325213,"",NA,52539,"",NA
194,"Saudi Arabia",430,"Okra",2001,5682,"",NA,7.19253783878916,"",NA,40868,"",NA
194,"Saudi Arabia",430,"Okra",2002,5203,"",NA,8.80895637132424,"",NA,45833,"",NA
194,"Saudi Arabia",430,"Okra",2003,5024,"",NA,9.60828025477707,"",NA,48272,"",NA
194,"Saudi Arabia",430,"Okra",2004,4343,"",NA,11.938291503569,"",NA,51848,"",NA
194,"Saudi Arabia",430,"Okra",2005,4019,"",NA,11.5364518536949,"",NA,46365,"",NA
194,"Saudi Arabia",430,"Okra",2006,4400,"",NA,13.1590909090909,"",NA,57900,"",NA
194,"Saudi Arabia",430,"Okra",2007,4200,"",NA,13.0952380952381,"",NA,55000,"",NA
194,"Saudi Arabia",430,"Okra",2008,3834,"",NA,13.6591027647366,"",NA,52369,"",NA
194,"Saudi Arabia",430,"Okra",2009,4446,"",NA,13.6959064327485,"",NA,60892,"",NA
194,"Saudi Arabia",430,"Okra",2010,4430,"",NA,11.93769751693,"",NA,52884,"",NA
194,"Saudi Arabia",430,"Okra",2011,4004,"",NA,13.3686313686314,"",NA,53528,"",NA
194,"Saudi Arabia",430,"Okra",2012,4000,"F",NA,12.875,"E",NA,51500,"E",NA
194,"Saudi Arabia",430,"Okra",2013,4000,"T",NA,12.875,"T",NA,51500,"T",NA
195,"Senegal",430,"Okra",1995,0,"M",NA,NA,"M",NA,0,"M",NA
195,"Senegal",430,"Okra",1996,0,"M",NA,NA,"M",NA,0,"M",NA
195,"Senegal",430,"Okra",1997,0,"M",NA,NA,"M",NA,0,"M",NA
195,"Senegal",430,"Okra",1998,0,"M",NA,NA,"M",NA,0,"M",NA
195,"Senegal",430,"Okra",1999,0,"M",NA,NA,"M",NA,0,"M",NA
195,"Senegal",430,"Okra",2000,3438,"",NA,8.27894124490983,"",NA,28463,"",NA
195,"Senegal",430,"Okra",2001,2392,"",NA,9.94230769230769,"",NA,23782,"",NA
195,"Senegal",430,"Okra",2002,2521,"",NA,8.27330424434748,"",NA,20857,"",NA
195,"Senegal",430,"Okra",2003,4617,"",NA,9.21594108728612,"",NA,42550,"",NA
195,"Senegal",430,"Okra",2004,4689,"",NA,9.44359138409042,"",NA,44281,"",NA
195,"Senegal",430,"Okra",2005,1945,"",NA,11.2365038560411,"",NA,21855,"",NA
195,"Senegal",430,"Okra",2006,2533,"",NA,10.249111725227,"",NA,25961,"",NA
195,"Senegal",430,"Okra",2007,1005,"",NA,11.7761194029851,"",NA,11835,"",NA
195,"Senegal",430,"Okra",2008,1842,"",NA,12.5515743756786,"",NA,23120,"",NA
195,"Senegal",430,"Okra",2009,1853,"",NA,7.94171613599568,"",NA,14716,"",NA
195,"Senegal",430,"Okra",2010,531,"",NA,30.7344632768362,"",NA,16320,"",NA
195,"Senegal",430,"Okra",2011,587,"",NA,22.7257240204429,"",NA,13340,"",NA
195,"Senegal",430,"Okra",2012,650,"F",NA,23.0769230769231,"E",NA,15000,"",NA
195,"Senegal",430,"Okra",2013,960,"",NA,24.6989583333333,"",NA,23711,"",NA
206,"Sudan",430,"Okra",1995,10000,"F",NA,8,"E",NA,80000,"E",NA
206,"Sudan",430,"Okra",1996,12500,"F",NA,8,"E",NA,1e+05,"E",NA
206,"Sudan",430,"Okra",1997,16000,"F",NA,8.125,"E",NA,130000,"E",NA
206,"Sudan",430,"Okra",1998,19000,"F",NA,7.89473684210526,"E",NA,150000,"E",NA
206,"Sudan",430,"Okra",1999,21000,"F",NA,8.09523809523809,"E",NA,170000,"E",NA
206,"Sudan",430,"Okra",2000,25000,"F",NA,8,"E",NA,2e+05,"E",NA
206,"Sudan",430,"Okra",2001,27000,"F",NA,8.14814814814815,"E",NA,220000,"E",NA
206,"Sudan",430,"Okra",2002,23000,"F",NA,10.4347826086957,"E",NA,240000,"E",NA
206,"Sudan",430,"Okra",2003,23529,"",NA,11.0926941221471,"",NA,261000,"",NA
206,"Sudan",430,"Okra",2004,25210,"",NA,9.52003173343911,"",NA,240000,"",NA
206,"Sudan",430,"Okra",2005,24373,"",NA,6.89287326139581,"",NA,168000,"",NA
206,"Sudan",430,"Okra",2006,23529,"",NA,7.14012495218666,"",NA,168000,"",NA
206,"Sudan",430,"Okra",2007,20882,"",NA,10.3893305238962,"",NA,216950,"",NA
206,"Sudan",430,"Okra",2008,20328,"",NA,12.2491145218418,"",NA,249000,"",NA
206,"Sudan",430,"Okra",2009,20916,"",NA,12.0481927710843,"",NA,252000,"",NA
206,"Sudan",430,"Okra",2010,21504,"",NA,11.9047619047619,"",NA,256000,"",NA
206,"Sudan",430,"Okra",2011,21504,"",NA,11.9559151785714,"",NA,257100,"",NA
206,"Sudan",430,"Okra",2012,22092,"",NA,11.9047619047619,"",NA,263000,"",NA
206,"Sudan",430,"Okra",2013,22114,"",NA,11.9048114316722,"",NA,263263,"",NA
212,"Syria",430,"Okra",1995,4254,"",NA,2.96473906911142,"",NA,12612,"",NA
212,"Syria",430,"Okra",1996,3824,"",NA,2.73770920502092,"",NA,10469,"",NA
212,"Syria",430,"Okra",1997,4882,"",NA,2.78902089307661,"",NA,13616,"",NA
212,"Syria",430,"Okra",1998,6704,"",NA,2.54907517899761,"",NA,17089,"",NA
212,"Syria",430,"Okra",1999,3460,"",NA,3.37687861271676,"",NA,11684,"",NA
212,"Syria",430,"Okra",2000,3842,"",NA,2.99062988027069,"",NA,11490,"",NA
212,"Syria",430,"Okra",2001,4500,"",NA,2.84444444444444,"",NA,12800,"",NA
212,"Syria",430,"Okra",2002,3700,"",NA,3.3,"",NA,12210,"",NA
212,"Syria",430,"Okra",2003,5700,"",NA,3.54385964912281,"",NA,20200,"",NA
212,"Syria",430,"Okra",2004,5800,"",NA,3.72413793103448,"",NA,21600,"",NA
212,"Syria",430,"Okra",2005,4700,"",NA,3.38297872340426,"",NA,15900,"",NA
212,"Syria",430,"Okra",2006,6860,"",NA,3.21428571428571,"",NA,22050,"",NA
212,"Syria",430,"Okra",2007,5430,"",NA,2.8158379373849,"",NA,15290,"",NA
212,"Syria",430,"Okra",2008,6300,"",NA,3.19047619047619,"",NA,20100,"",NA
212,"Syria",430,"Okra",2009,5124,"",NA,2.69555035128806,"",NA,13812,"",NA
212,"Syria",430,"Okra",2010,4724,"",NA,3.27074513124471,"",NA,15451,"",NA
212,"Syria",430,"Okra",2011,4234,"",NA,3.44992914501653,"",NA,14607,"",NA
212,"Syria",430,"Okra",2012,3296,"",NA,2.12196601941748,"",NA,6994,"",NA
212,"Syria",430,"Okra",2013,3296,"T",NA,2.12196601941748,"T",NA,6994,"T",NA
220,"Trinidad Tob",430,"Okra",1995,0,"M",NA,NA,"M",NA,0,"M",NA
220,"Trinidad Tob",430,"Okra",1996,0,"M",NA,NA,"M",NA,0,"M",NA
220,"Trinidad Tob",430,"Okra",1997,0,"M",NA,NA,"M",NA,0,"M",NA
220,"Trinidad Tob",430,"Okra",1998,0,"M",NA,NA,"M",NA,0,"M",NA
220,"Trinidad Tob",430,"Okra",1999,0,"M",NA,NA,"M",NA,0,"M",NA
220,"Trinidad Tob",430,"Okra",2000,0,"M",NA,NA,"M",NA,0,"M",NA
220,"Trinidad Tob",430,"Okra",2001,0,"M",NA,NA,"M",NA,0,"M",NA
220,"Trinidad Tob",430,"Okra",2002,0,"M",NA,NA,"M",NA,0,"M",NA
220,"Trinidad Tob",430,"Okra",2003,0,"M",NA,NA,"M",NA,0,"M",NA
220,"Trinidad Tob",430,"Okra",2004,0,"M",NA,NA,"M",NA,0,"M",NA
220,"Trinidad Tob",430,"Okra",2005,0,"M",NA,NA,"M",NA,0,"M",NA
220,"Trinidad Tob",430,"Okra",2006,0,"M",NA,NA,"M",NA,0,"M",NA
220,"Trinidad Tob",430,"Okra",2007,482.8,"",NA,1.15368682684341,"",NA,557,"",NA
220,"Trinidad Tob",430,"Okra",2008,701.1,"",NA,1.04692625873627,"",NA,734,"",NA
220,"Trinidad Tob",430,"Okra",2009,569,"",NA,1.03339191564148,"",NA,588,"",NA
220,"Trinidad Tob",430,"Okra",2010,368,"",NA,2.53804347826087,"",NA,934,"",NA
220,"Trinidad Tob",430,"Okra",2011,623,"",NA,2.24719101123596,"",NA,1400,"",NA
220,"Trinidad Tob",430,"Okra",2012,521,"",NA,2.70249520153551,"",NA,1408,"",NA
220,"Trinidad Tob",430,"Okra",2013,402,"",NA,3.50995024875622,"",NA,1411,"",NA
221,"Oman",430,"Okra",1995,0,"M",NA,NA,"M",NA,0,"M",NA
221,"Oman",430,"Okra",1996,0,"M",NA,NA,"M",NA,0,"M",NA
221,"Oman",430,"Okra",1997,0,"M",NA,NA,"M",NA,0,"M",NA
221,"Oman",430,"Okra",1998,0,"M",NA,NA,"M",NA,0,"M",NA
221,"Oman",430,"Okra",1999,0,"M",NA,NA,"M",NA,0,"M",NA
221,"Oman",430,"Okra",2000,0,"M",NA,NA,"M",NA,0,"M",NA
221,"Oman",430,"Okra",2001,0,"M",NA,NA,"M",NA,0,"M",NA
221,"Oman",430,"Okra",2002,0,"M",NA,NA,"M",NA,0,"M",NA
221,"Oman",430,"Okra",2003,0,"M",NA,NA,"M",NA,0,"M",NA
221,"Oman",430,"Okra",2004,396.9,"",NA,16.5532879818594,"",NA,6570,"",NA
221,"Oman",430,"Okra",2005,240.7,"",NA,16.551724137931,"",NA,3984,"",NA
221,"Oman",430,"Okra",2006,219.2,"",NA,16.6697080291971,"",NA,3654,"",NA
221,"Oman",430,"Okra",2007,286,"",NA,16.5594405594406,"",NA,4736,"",NA
221,"Oman",430,"Okra",2008,320,"",NA,16.6875,"",NA,5340,"",NA
221,"Oman",430,"Okra",2009,174,"",NA,16.6436781609195,"",NA,2896,"",NA
221,"Oman",430,"Okra",2010,247,"",NA,8.82591093117409,"",NA,2180,"",NA
221,"Oman",430,"Okra",2011,270,"",NA,14.2111111111111,"",NA,3837,"",NA
221,"Oman",430,"Okra",2012,300,"F",NA,14,"E",NA,4200,"E",NA
221,"Oman",430,"Okra",2013,300,"T",NA,14,"T",NA,4200,"T",NA
223,"Turkey",430,"Okra",1995,5400,"F",NA,4.25925925925926,"E",NA,23000,"",NA
223,"Turkey",430,"Okra",1996,6100,"F",NA,4.26229508196721,"E",NA,26000,"",NA
223,"Turkey",430,"Okra",1997,6536,"E",NA,3.8249694002448,"E",NA,25000,"",NA
223,"Turkey",430,"Okra",1998,6661,"E",NA,3.67812640744633,"E",NA,24500,"",NA
223,"Turkey",430,"Okra",1999,6760,"E",NA,3.62426035502959,"E",NA,24500,"",NA
223,"Turkey",430,"Okra",2000,6800,"F",NA,4.04411764705882,"E",NA,27500,"",NA
223,"Turkey",430,"Okra",2001,6100,"F",NA,4.91803278688525,"E",NA,30000,"",NA
223,"Turkey",430,"Okra",2002,5594,"E",NA,5.54165176975331,"E",NA,31000,"",NA
223,"Turkey",430,"Okra",2003,7100,"F",NA,5,"E",NA,35500,"",NA
223,"Turkey",430,"Okra",2004,8600,"F",NA,5,"E",NA,43000,"",NA
223,"Turkey",430,"Okra",2005,7100,"F",NA,5.07042253521127,"E",NA,36000,"",NA
223,"Turkey",430,"Okra",2006,6014,"E",NA,6.12620552045228,"E",NA,36843,"",NA
223,"Turkey",430,"Okra",2007,5960,"E",NA,6.20671140939597,"E",NA,36992,"",NA
223,"Turkey",430,"Okra",2008,7200,"F",NA,5.21430555555556,"E",NA,37543,"",NA
223,"Turkey",430,"Okra",2009,7300,"F",NA,5.26465753424658,"E",NA,38432,"",NA
223,"Turkey",430,"Okra",2010,6900,"F",NA,5.32579710144928,"E",NA,36748,"",NA
223,"Turkey",430,"Okra",2011,6800,"F",NA,5.39147058823529,"E",NA,36662,"",NA
223,"Turkey",430,"Okra",2012,6750,"F",NA,5.33348148148148,"E",NA,36001,"",NA
223,"Turkey",430,"Okra",2013,6750,"T",NA,4.96962962962963,"T",NA,33545,"",NA
225,"Untd Arab Em",430,"Okra",1995,0,"M",NA,NA,"M",NA,0,"M",NA
225,"Untd Arab Em",430,"Okra",1996,0,"M",NA,NA,"M",NA,0,"M",NA
225,"Untd Arab Em",430,"Okra",1997,0,"M",NA,NA,"M",NA,0,"M",NA
225,"Untd Arab Em",430,"Okra",1998,0,"M",NA,NA,"M",NA,0,"M",NA
225,"Untd Arab Em",430,"Okra",1999,807,"",NA,3.35315985130112,"",NA,2706,"",NA
225,"Untd Arab Em",430,"Okra",2000,184,"",NA,9.52717391304348,"",NA,1753,"",NA
225,"Untd Arab Em",430,"Okra",2001,124,"",NA,20.1612903225806,"",NA,2500,"",NA
225,"Untd Arab Em",430,"Okra",2002,155,"",NA,12.6258064516129,"",NA,1957,"",NA
225,"Untd Arab Em",430,"Okra",2003,178,"",NA,7.42696629213483,"",NA,1322,"",NA
225,"Untd Arab Em",430,"Okra",2004,180,"F",NA,7.77777777777778,"E",NA,1400,"E",NA
225,"Untd Arab Em",430,"Okra",2005,937,"",NA,9.10672358591249,"",NA,8533,"",NA
225,"Untd Arab Em",430,"Okra",2006,95,"",NA,16.8842105263158,"",NA,1604,"",NA
225,"Untd Arab Em",430,"Okra",2007,73,"",NA,19.9041095890411,"",NA,1453,"",NA
225,"Untd Arab Em",430,"Okra",2008,46,"",NA,12.9130434782609,"",NA,594,"",NA
225,"Untd Arab Em",430,"Okra",2009,75.4,"",NA,18.7665782493369,"",NA,1415,"",NA
225,"Untd Arab Em",430,"Okra",2010,82,"",NA,19.9878048780488,"",NA,1639,"",NA
225,"Untd Arab Em",430,"Okra",2011,88,"",NA,17.9431818181818,"",NA,1579,"",NA
225,"Untd Arab Em",430,"Okra",2012,90,"F",NA,17.7777777777778,"E",NA,1600,"E",NA
225,"Untd Arab Em",430,"Okra",2013,90,"T",NA,17.7777777777778,"T",NA,1600,"T",NA
231,"USA",430,"Okra",1995,630,"F",NA,7.61904761904762,"E",NA,4800,"E",NA
231,"USA",430,"Okra",1996,850,"F",NA,7.52941176470588,"E",NA,6400,"E",NA
231,"USA",430,"Okra",1997,826,"E",NA,7.86924939467312,"E",NA,6500,"E",NA
231,"USA",430,"Okra",1998,950,"F",NA,7.57894736842105,"E",NA,7200,"E",NA
231,"USA",430,"Okra",1999,1130,"F",NA,7.52212389380531,"E",NA,8500,"E",NA
231,"USA",430,"Okra",2000,1170,"",NA,7.64102564102564,"",NA,8940,"",NA
231,"USA",430,"Okra",2001,1220,"",NA,6.72950819672131,"",NA,8210,"",NA
231,"USA",430,"Okra",2002,1200,"F",NA,6.66666666666667,"E",NA,8000,"E",NA
231,"USA",430,"Okra",2003,1191,"E",NA,7.75986565910999,"E",NA,9242,"",NA
231,"USA",430,"Okra",2004,1130,"E",NA,8.74159292035398,"E",NA,9878,"",NA
231,"USA",430,"Okra",2005,1250,"F",NA,7.5896,"E",NA,9487,"",NA
231,"USA",430,"Okra",2006,1238,"E",NA,7.67366720516963,"E",NA,9500,"E",NA
231,"USA",430,"Okra",2007,1300,"F",NA,7.69230769230769,"E",NA,10000,"E",NA
231,"USA",430,"Okra",2008,1262,"E",NA,7.6648177496038,"E",NA,9673,"E",NA
231,"USA",430,"Okra",2009,1271,"E",NA,7.6191974822974,"E",NA,9684,"E",NA
231,"USA",430,"Okra",2010,1200,"F",NA,7.08333333333333,"E",NA,8500,"E",NA
231,"USA",430,"Okra",2011,1153,"E",NA,7.17779705117086,"E",NA,8276,"E",NA
231,"USA",430,"Okra",2012,1200,"F",NA,7,"E",NA,8400,"E",NA
231,"USA",430,"Okra",2013,1200,"T",NA,7,"T",NA,8400,"T",NA
233,"Burkina Faso",430,"Okra",1995,4501,"E",NA,8.61541879582315,"E",NA,38778,"E",NA
233,"Burkina Faso",430,"Okra",1996,6212,"E",NA,7.64520283322601,"E",NA,47492,"E",NA
233,"Burkina Faso",430,"Okra",1997,6579,"E",NA,7.60723514211886,"E",NA,50048,"E",NA
233,"Burkina Faso",430,"Okra",1998,6954,"E",NA,7.46476847857348,"E",NA,51910,"E",NA
233,"Burkina Faso",430,"Okra",1999,7409,"E",NA,7.17586718855446,"E",NA,53166,"E",NA
233,"Burkina Faso",430,"Okra",2000,7334,"E",NA,7.53831469866376,"E",NA,55286,"E",NA
233,"Burkina Faso",430,"Okra",2001,7002,"E",NA,7.960725506998,"E",NA,55741,"E",NA
233,"Burkina Faso",430,"Okra",2002,7920,"E",NA,7.65833333333333,"E",NA,60654,"E",NA
233,"Burkina Faso",430,"Okra",2003,8852,"E",NA,7.24130140081338,"E",NA,64100,"E",NA
233,"Burkina Faso",430,"Okra",2004,8758,"E",NA,7.53722311029915,"E",NA,66011,"E",NA
233,"Burkina Faso",430,"Okra",2005,2650,"F",NA,10,"E",NA,26500,"E",NA
233,"Burkina Faso",430,"Okra",2006,2600,"F",NA,10,"E",NA,26000,"E",NA
233,"Burkina Faso",430,"Okra",2007,2700,"F",NA,10,"E",NA,27000,"E",NA
233,"Burkina Faso",430,"Okra",2008,2483,"E",NA,9.03463552154652,"E",NA,22433,"E",NA
233,"Burkina Faso",430,"Okra",2009,2769,"E",NA,8.05381003972553,"E",NA,22301,"E",NA
233,"Burkina Faso",430,"Okra",2010,3006,"E",NA,7.74218230206254,"E",NA,23273,"E",NA
233,"Burkina Faso",430,"Okra",2011,2829,"E",NA,8.07811947684694,"E",NA,22853,"E",NA
233,"Burkina Faso",430,"Okra",2012,3000,"F",NA,7.83333333333333,"E",NA,23500,"E",NA
233,"Burkina Faso",430,"Okra",2013,3000,"T",NA,7.83333333333333,"T",NA,23500,"T",NA
245,"West Bank",430,"Okra",1995,0,"M",NA,NA,"M",NA,0,"M",NA
245,"West Bank",430,"Okra",1996,0,"M",NA,NA,"M",NA,0,"M",NA
245,"West Bank",430,"Okra",1997,0,"M",NA,NA,"M",NA,0,"M",NA
245,"West Bank",430,"Okra",1998,0,"M",NA,NA,"M",NA,0,"M",NA
245,"West Bank",430,"Okra",1999,0,"M",NA,NA,"M",NA,0,"M",NA
245,"West Bank",430,"Okra",2000,0,"M",NA,NA,"M",NA,0,"M",NA
245,"West Bank",430,"Okra",2001,0,"M",NA,NA,"M",NA,0,"M",NA
245,"West Bank",430,"Okra",2002,0,"M",NA,NA,"M",NA,0,"M",NA
245,"West Bank",430,"Okra",2003,0,"M",NA,NA,"M",NA,0,"M",NA
245,"West Bank",430,"Okra",2004,0,"M",NA,NA,"M",NA,0,"M",NA
245,"West Bank",430,"Okra",2005,0,"M",NA,NA,"M",NA,0,"M",NA
245,"West Bank",430,"Okra",2006,0,"M",NA,NA,"M",NA,0,"M",NA
245,"West Bank",430,"Okra",2007,0,"M",NA,NA,"M",NA,0,"M",NA
245,"West Bank",430,"Okra",2008,0,"M",NA,NA,"M",NA,0,"M",NA
245,"West Bank",430,"Okra",2009,0,"M",NA,NA,"M",NA,0,"M",NA
245,"West Bank",430,"Okra",2010,0,"M",NA,NA,"M",NA,0,"M",NA
245,"West Bank",430,"Okra",2011,0,"M",NA,NA,"M",NA,0,"M",NA
245,"West Bank",430,"Okra",2012,0,"M",NA,NA,"M",NA,0,"M",NA
245,"West Bank",430,"Okra",2013,0,"M",NA,NA,"M",NA,0,"M",NA
249,"Yemen",430,"Okra",1995,2624,"",NA,6.1844512195122,"",NA,16228,"",NA
249,"Yemen",430,"Okra",1996,2985,"",NA,6.02077051926298,"",NA,17972,"",NA
249,"Yemen",430,"Okra",1997,2952,"",NA,5.87262872628726,"",NA,17336,"",NA
249,"Yemen",430,"Okra",1998,3466,"",NA,5.49278707443739,"",NA,19038,"",NA
249,"Yemen",430,"Okra",1999,3535,"",NA,5.55643564356436,"",NA,19642,"",NA
249,"Yemen",430,"Okra",2000,3602,"",NA,5.61965574680733,"",NA,20242,"",NA
249,"Yemen",430,"Okra",2001,3698,"",NA,5.88318009734992,"",NA,21756,"",NA
249,"Yemen",430,"Okra",2002,3751,"",NA,5.87629965342575,"",NA,22042,"",NA
249,"Yemen",430,"Okra",2003,3819,"",NA,5.88190625818277,"",NA,22463,"",NA
249,"Yemen",430,"Okra",2004,3015,"",NA,5.79436152570481,"",NA,17470,"",NA
249,"Yemen",430,"Okra",2005,3067,"",NA,5.8376263449625,"",NA,17904,"",NA
249,"Yemen",430,"Okra",2006,3203,"",NA,5.87511707773962,"",NA,18818,"",NA
249,"Yemen",430,"Okra",2007,3480,"",NA,5.95689655172414,"",NA,20730,"",NA
249,"Yemen",430,"Okra",2008,3580,"",NA,6.01396648044693,"",NA,21530,"",NA
249,"Yemen",430,"Okra",2009,3718,"",NA,6.05675094136633,"",NA,22519,"",NA
249,"Yemen",430,"Okra",2010,3800,"T",NA,6.36842105263158,"T",NA,24200,"T",NA
249,"Yemen",430,"Okra",2011,3240,"T",NA,5.92592592592593,"T",NA,19200,"T",NA
249,"Yemen",430,"Okra",2012,3750,"T",NA,6.21333333333333,"T",NA,23300,"T",NA
249,"Yemen",430,"Okra",2013,3870,"T",NA,6.08527131782946,"T",NA,23550,"T",NA
276,"Sudan",430,"Okra",1995,0,"M",NA,NA,"M",NA,0,"M",NA
276,"Sudan",430,"Okra",1996,0,"M",NA,NA,"M",NA,0,"M",NA
276,"Sudan",430,"Okra",1997,0,"M",NA,NA,"M",NA,0,"M",NA
276,"Sudan",430,"Okra",1998,0,"M",NA,NA,"M",NA,0,"M",NA
276,"Sudan",430,"Okra",1999,0,"M",NA,NA,"M",NA,0,"M",NA
276,"Sudan",430,"Okra",2000,0,"M",NA,NA,"M",NA,0,"M",NA
276,"Sudan",430,"Okra",2001,0,"M",NA,NA,"M",NA,0,"M",NA
276,"Sudan",430,"Okra",2002,0,"M",NA,NA,"M",NA,0,"M",NA
276,"Sudan",430,"Okra",2003,0,"M",NA,NA,"M",NA,0,"M",NA
276,"Sudan",430,"Okra",2004,0,"M",NA,NA,"M",NA,0,"M",NA
276,"Sudan",430,"Okra",2005,0,"M",NA,NA,"M",NA,0,"M",NA
276,"Sudan",430,"Okra",2006,0,"M",NA,NA,"M",NA,0,"M",NA
276,"Sudan",430,"Okra",2007,0,"M",NA,NA,"M",NA,0,"M",NA
276,"Sudan",430,"Okra",2008,0,"M",NA,NA,"M",NA,0,"M",NA
276,"Sudan",430,"Okra",2009,20916,"",NA,12.0481927710843,"",NA,252000,"",NA
276,"Sudan",430,"Okra",2010,21504,"",NA,11.9047619047619,"",NA,256000,"",NA
276,"Sudan",430,"Okra",2011,21504,"",NA,11.9559151785714,"",NA,257100,"",NA
276,"Sudan",430,"Okra",2012,21504,"T",NA,11.9559151785714,"T",NA,257100,"T",NA
276,"Sudan",430,"Okra",2013,21504,"T",NA,11.9559151785714,"T",NA,257100,"T",NA
277,"South Sudan",430,"Okra",1995,0,"M",NA,NA,"M",NA,0,"M",NA
277,"South Sudan",430,"Okra",1996,0,"M",NA,NA,"M",NA,0,"M",NA
277,"South Sudan",430,"Okra",1997,0,"M",NA,NA,"M",NA,0,"M",NA
277,"South Sudan",430,"Okra",1998,0,"M",NA,NA,"M",NA,0,"M",NA
277,"South Sudan",430,"Okra",1999,0,"M",NA,NA,"M",NA,0,"M",NA
277,"South Sudan",430,"Okra",2000,0,"M",NA,NA,"M",NA,0,"M",NA
277,"South Sudan",430,"Okra",2001,0,"M",NA,NA,"M",NA,0,"M",NA
277,"South Sudan",430,"Okra",2002,0,"M",NA,NA,"M",NA,0,"M",NA
277,"South Sudan",430,"Okra",2003,0,"M",NA,NA,"M",NA,0,"M",NA
277,"South Sudan",430,"Okra",2004,0,"M",NA,NA,"M",NA,0,"M",NA
277,"South Sudan",430,"Okra",2005,0,"M",NA,NA,"M",NA,0,"M",NA
277,"South Sudan",430,"Okra",2006,0,"M",NA,NA,"M",NA,0,"M",NA
277,"South Sudan",430,"Okra",2007,0,"M",NA,NA,"M",NA,0,"M",NA
277,"South Sudan",430,"Okra",2008,0,"M",NA,NA,"M",NA,0,"M",NA
277,"South Sudan",430,"Okra",2009,20916,"",NA,12.0481927710843,"",NA,252000,"",NA
277,"South Sudan",430,"Okra",2010,21504,"",NA,11.9047619047619,"",NA,256000,"",NA
277,"South Sudan",430,"Okra",2011,21504,"",NA,11.9559151785714,"",NA,257100,"",NA
277,"South Sudan",430,"Okra",2012,21504,"T",NA,11.9559151785714,"T",NA,257100,"T",NA
277,"South Sudan",430,"Okra",2013,21504,"T",NA,11.9559151785714,"T",NA,257100,"T",NA
299,"Palest, O.T.",430,"Okra",1995,1503,"",NA,4.69727212242182,"",NA,7060,"",NA
299,"Palest, O.T.",430,"Okra",1996,1737,"",NA,5.48877374784111,"",NA,9534,"",NA
299,"Palest, O.T.",430,"Okra",1997,1101,"",NA,3.90463215258856,"",NA,4299,"",NA
299,"Palest, O.T.",430,"Okra",1998,1149,"",NA,2.50217580504787,"",NA,2875,"",NA
299,"Palest, O.T.",430,"Okra",1999,1109,"",NA,3.05770964833183,"",NA,3391,"",NA
299,"Palest, O.T.",430,"Okra",2000,890,"",NA,3.68202247191011,"",NA,3277,"",NA
299,"Palest, O.T.",430,"Okra",2001,926,"",NA,3.78833693304536,"",NA,3508,"",NA
299,"Palest, O.T.",430,"Okra",2002,958,"",NA,4.30688935281837,"",NA,4126,"",NA
299,"Palest, O.T.",430,"Okra",2003,816,"",NA,4.19485294117647,"",NA,3423,"",NA
299,"Palest, O.T.",430,"Okra",2004,882,"",NA,5.54988662131519,"",NA,4895,"",NA
299,"Palest, O.T.",430,"Okra",2005,815,"",NA,4.39509202453988,"",NA,3582,"",NA
299,"Palest, O.T.",430,"Okra",2006,819,"",NA,5.09523809523809,"",NA,4173,"",NA
299,"Palest, O.T.",430,"Okra",2007,589.3,"",NA,5.11454267775327,"",NA,3014,"",NA
299,"Palest, O.T.",430,"Okra",2008,567,"",NA,4.25220458553792,"",NA,2411,"",NA
299,"Palest, O.T.",430,"Okra",2009,378,"E",NA,6.95767195767196,"E",NA,2630,"E",NA
299,"Palest, O.T.",430,"Okra",2010,392,"",NA,4.08163265306122,"E",NA,1600,"E",NA
299,"Palest, O.T.",430,"Okra",2011,384,"E",NA,4.27864583333333,"E",NA,1643,"E",NA
299,"Palest, O.T.",430,"Okra",2012,400,"F",NA,4.25,"E",NA,1700,"E",NA
299,"Palest, O.T.",430,"Okra",2013,400,"T",NA,4.25,"T",NA,1700,"T",NA
